pokedex,name_jp,name_en,hp,attack,block,contact,defense,speed,sum_base_stats,type1,type2,ability1,ability2,hidden_ability,height,weight,get_rate,osu_mesu,exp,natsuki,doryoku,egg_group1,egg_steps,max_exp
1,フシギダネ,Bulbasaur,45,49,49,65,65,45,318,くさ,どく,しんりょく,,ようりょくそ,0.7,6.9/f,45,7:01,64,70,特攻+1,"怪獣
 植物",5355,1060000
2,フシギソウ,Ivysaur,60,62,63,80,80,60,405,くさ,どく,しんりょく,,ようりょくそ,1,13.0/e,45,7:01,142,70,"特攻+1
 特防+1","怪獣
 植物",5355,1060000
3,フシギバナ,Venusaur,80,82,83,100,100,80,525,くさ,どく,しんりょく,,ようりょくそ,2,100.0/c,45,7:01,236,70,"特攻+2
 特防+1","怪獣
 植物",5355,1060000
003-1,メガフシギバナ,Mega Venusaur,80,100,123,122,120,80,625,くさ,どく,あついしぼう,,,2.4,155.5/b,45,7:01,281,70,"特攻+2
 特防+1","怪獣
 植物",5355,1060000
4,ヒトカゲ,Charmander,39,52,43,60,50,65,309,ほのお,,もうか,,サンパワー,0.6,8.5/f,45,7:01,62,70,素早+1,"怪獣
 ドラゴン",5355,1060000
5,リザード,Charmeleon,58,64,58,80,65,80,405,ほのお,,もうか,,サンパワー,1.1,19.0/e,45,7:01,142,70,"特攻+1
 素早+1","怪獣
 ドラゴン",5355,1060000
6,リザードン,Charizard,78,84,78,109,85,100,534,ほのお,ひこう,もうか,,サンパワー,1.7,90.5/c,45,7:01,240,70,特攻+3,"怪獣
 ドラゴン",5355,1060000
006-1,メガリザードンX,Mega Charizard X,78,130,111,130,85,100,634,ほのお,ドラゴン,かたいツメ,,,1.7,110.5/b,45,7:01,285,70,特攻+3,"怪獣
 ドラゴン",5355,1060000
006-2,メガリザードンY,Mega Charizard Y,78,104,78,159,115,100,634,ほのお,ひこう,ひでり,,,1.7,100.5/b,45,7:01,285,70,特攻+3,"怪獣
 ドラゴン",5355,1060000
7,ゼニガメ,Squirtle,44,48,65,50,64,43,314,みず,,げきりゅう,,あめうけざら,0.5,9.0/f,45,7:01,63,70,防御+1,"怪獣
 水中1",5355,1060000
8,カメール,Wartortle,59,63,80,65,80,58,405,みず,,げきりゅう,,あめうけざら,1,22.5/e,45,7:01,142,70,"防御+1
 特防+1","怪獣
 水中1",5355,1060000
9,カメックス,Blastoise,79,83,100,85,105,78,530,みず,,げきりゅう,,あめうけざら,1.6,85.5/c,45,7:01,239,70,特防+3,"怪獣
 水中1",5355,1060000
009-1,メガカメックス,Mega Blastoise,79,103,120,135,115,78,630,みず,,メガランチャー,,,1.6,101.1/b,45,7:01,284,70,特防+3,"怪獣
 水中1",5355,1060000
10,キャタピー,Caterpie,45,30,35,20,20,45,195,むし,,りんぷん,,にげあし,0.3,2.9/f,255,1:01,39,70,HP+1,虫,4080,1000000
11,トランセル,Metapod,50,20,55,25,25,30,205,むし,,だっぴ,,,0.7,9.9/f,120,1:01,72,70,防御+1,虫,4080,1000000
12,バタフリー,Butterfree,60,45,50,90,80,70,395,むし,ひこう,ふくがん,,いろめがね,1.1,32.0/d,45,1:01,178,70,"特攻+2
 特防+1",虫,4080,1000000
13,ビードル,Weedle,40,35,30,20,20,50,195,むし,どく,りんぷん,,にげあし,0.3,3.2/f,255,1:01,39,70,素早+1,虫,4080,1000000
14,コクーン,Kakuna,45,25,50,25,25,35,205,むし,どく,だっぴ,,,0.6,10.0/f,120,1:01,72,70,防御+2,虫,4080,1000000
15,スピアー,Beedrill,65,90,40,45,80,75,395,むし,どく,むしのしらせ,,スナイパー,1,29.5/d,45,1:01,178,70,"攻撃+2
 特防+1",虫,4080,1000000
015-1,メガスピアー,Mega Beedrill,65,150,40,15,80,145,495,むし,どく,てきおうりょく,,,1.4,40.5/d,45,1:01,?,70,"攻撃+2
 特防+1",虫,4080,1000000
16,ポッポ,Pidgey,40,45,40,35,35,56,251,ノーマル,ひこう,するどいめ, ちどりあし,はとむね,0.3,1.8/f,255,1:01,50,70,素早+1,飛行,4080,1060000
17,ピジョン,Pidgeotto,63,60,55,50,50,71,349,ノーマル,ひこう,するどいめ, ちどりあし,はとむね,1.1,30.0/d,120,1:01,122,70,素早+2,飛行,4080,1060000
18,ピジョット,Pidgeot,83,80,75,70,70,101,479,ノーマル,ひこう,するどいめ, ちどりあし,はとむね,1.5,39.5/d,45,1:01,216,70,素早+3,飛行,4080,1060000
018-1,メガピジョット,Mega Pidgeot,83,80,80,135,80,121,579,ノーマル,ひこう,ノーガード,,,2.2,50.5/c,45,1:01,?,70,素早+3,飛行,4080,1060000
19,コラッタ,Rattata,30,56,35,25,35,72,253,ノーマル,,にげあし, こんじょう,はりきり,0.3,3.5/f,255,1:01,51,70,素早+1,陸上,4080,1000000
20,ラッタ,Raticate,55,81,60,50,70,97,413,ノーマル,,にげあし, こんじょう,はりきり,0.7,18.5/e,127,1:01,145,70,素早+2,陸上,4080,1000000
21,オニスズメ,Spearow,40,60,30,31,31,70,262,ノーマル,ひこう,するどいめ,,スナイパー,0.3,2.0/f,255,1:01,52,70,素早+1,飛行,4080,1000000
22,オニドリル,Fearow,65,90,65,61,61,100,442,ノーマル,ひこう,するどいめ,,スナイパー,1.2,38.0/d,90,1:01,155,70,素早+2,飛行,4080,1000000
23,アーボ,Ekans,35,60,44,40,54,55,288,どく,,いかく, だっぴ,きんちょうかん,2,6.9/f,255,1:01,58,70,攻撃+1,"陸上
 ドラゴン",5355,1000000
24,アーボック,Arbok,60,85,69,65,79,80,438,どく,,いかく, だっぴ,きんちょうかん,3.5,65.0/c,90,1:01,153,70,攻撃+2,"陸上
 ドラゴン",5355,1000000
25,ピカチュウ,Pikachu,35,55,40,50,50,90,320,でんき,,せいでんき,,ひらいしん,0.4,6.0/f,190,1:01,112,70,素早+2,"陸上
 妖精",2805,1000000
26,ライチュウ,Raichu,60,90,55,90,80,110,485,でんき,,せいでんき,,ひらいしん,0.8,30.0/d,75,1:01,218,70,素早+3,"陸上
 妖精",2805,1000000
27,サンド,Sandshrew,50,75,85,20,30,40,300,じめん,,すながくれ,,すなかき,0.6,12.0/e,255,1:01,60,70,防御+1,陸上,5355,1000000
28,サンドパン,Sandslash,75,100,110,45,55,65,450,じめん,,すながくれ,,すなかき,1,29.5/d,90,1:01,158,70,防御+2,陸上,5355,1000000
29,ニドラン♀,Nidoran♀,55,47,52,40,40,41,275,どく,,どくのトゲ, とうそうしん,はりきり,0.4,7.0/f,235,♀,55,70,HP+1,"怪獣
 陸上",5355,1060000
30,ニドリーナ,Nidorina,70,62,67,55,55,56,365,どく,,どくのトゲ, とうそうしん,はりきり,0.8,20.0/e,120,♀,128,70,HP+2,未発見,5355,1060000
31,ニドクイン,Nidoqueen,90,92,87,75,85,76,505,どく,じめん,どくのトゲ, とうそうしん,ちからずく,1.3,60.0/c,45,♀,227,70,HP+3,未発見,5355,1060000
32,ニドラン♂,Nidoran♂,46,57,40,40,40,50,273,どく,,どくのトゲ, とうそうしん,はりきり,0.5,9.0/f,235,♂,55,70,攻撃+1,"怪獣
 陸上",5355,1060000
33,ニドリーノ,Nidorino,61,72,57,55,55,65,365,どく,,どくのトゲ, とうそうしん,はりきり,0.9,19.5/e,120,♂,128,70,攻撃+2,"怪獣
 陸上",5355,1060000
34,ニドキング,Nidoking,81,102,77,85,75,85,505,どく,じめん,どくのトゲ, とうそうしん,ちからずく,1.4,62.0/c,45,♂,227,70,攻撃+3,"怪獣
 陸上",5355,1060000
35,ピッピ,Clefairy,70,45,48,60,65,35,323,フェアリー,,メロメロボディ, マジックガード,フレンドガード,0.6,7.5/f,150,1:03,113,140,HP+2,妖精,2805,800000
36,ピクシー,Clefable,95,70,73,95,90,60,483,フェアリー,,メロメロボディ, マジックガード,てんねん,1.3,40.0/d,25,1:03,217,140,HP+3,妖精,2805,800000
37,ロコン,Vulpix,38,41,40,50,65,65,299,ほのお,,もらいび,,ひでり,0.6,9.9/f,190,1:03,60,70,素早+1,陸上,5355,1000000
38,キュウコン,Ninetales,73,76,75,81,100,100,505,ほのお,,もらいび,,ひでり,1.1,19.9/e,75,1:03,177,70,"特防+1
 素早+1",陸上,5355,1000000
39,プリン,Jigglypuff,115,45,20,45,25,20,270,ノーマル,フェアリー,メロメロボディ, かちき,フレンドガード,0.5,5.5/f,170,1:03,95,70,HP+2,妖精,2805,800000
40,プクリン,Wigglytuff,140,70,45,85,50,45,435,ノーマル,フェアリー,メロメロボディ, かちき,おみとおし,1,12.0/e,50,1:03,196,70,HP+3,妖精,2805,800000
41,ズバット,Zubat,40,45,35,30,40,55,245,どく,ひこう,せいしんりょく,,すりぬけ,0.8,7.5/f,255,1:01,49,70,素早+1,飛行,4080,1000000
42,ゴルバット,Golbat,75,80,70,65,75,90,455,どく,ひこう,せいしんりょく,,すりぬけ,1.6,55.0/c,90,1:01,159,70,素早+2,飛行,4080,1000000
43,ナゾノクサ,Oddish,45,50,55,75,65,30,320,くさ,どく,ようりょくそ,,にげあし,0.5,5.4/f,255,1:01,64,70,特攻+1,植物,5355,1060000
44,クサイハナ,Gloom,60,65,70,85,75,40,395,くさ,どく,ようりょくそ,,あくしゅう,0.8,8.6/f,120,1:01,138,70,特攻+2,植物,5355,1060000
45,ラフレシア,Vileplume,75,80,85,110,90,50,490,くさ,どく,ようりょくそ,,ほうし,1.2,18.6/e,45,1:01,221,70,特攻+3,植物,5355,1060000
46,パラス,Paras,35,70,55,45,55,25,285,むし,くさ,ほうし, かんそうはだ,しめりけ,0.3,5.4/f,190,1:01,57,70,攻撃+1,"虫
 植物",5355,1000000
47,パラセクト,Parasect,60,95,80,60,80,30,405,むし,くさ,ほうし, かんそうはだ,しめりけ,1,29.5/d,75,1:01,142,70,"攻撃+2
 防御+1","虫
 植物",5355,1000000
48,コンパン,Venonat,60,55,50,40,55,45,305,むし,どく,ふくがん, いろめがね,にげあし,1,30.0/d,190,1:01,61,70,特防+1,虫,5355,1000000
49,モルフォン,Venomoth,70,65,60,90,75,90,450,むし,どく,りんぷん, いろめがね,ミラクルスキン,1.5,12.5/e,75,1:01,158,70,"特攻+1
 素早+1",虫,5355,1000000
50,ディグダ,Diglett,10,55,25,35,45,95,265,じめん,,すながくれ, ありじごく,すなのちから,0.2,0.8/f,255,1:01,53,70,素早+1,陸上,5355,1000000
51,ダグトリオ,Dugtrio,35,80,50,50,70,120,405,じめん,,すながくれ, ありじごく,すなのちから,0.7,33.3/d,50,1:01,142,70,素早+2,陸上,5355,1000000
52,ニャース,Meowth,40,45,35,40,40,90,290,ノーマル,,ものひろい, テクニシャン,きんちょうかん,0.4,4.2/f,255,1:01,58,70,素早+1,陸上,5355,1000000
53,ペルシアン,Persian,65,70,60,65,65,115,440,ノーマル,,じゅうなん, テクニシャン,きんちょうかん,1,32.0/d,90,1:01,154,70,素早+2,陸上,5355,1000000
54,コダック,Psyduck,50,52,48,65,50,55,320,みず,,しめりけ, ノーてんき,すいすい,0.8,19.6/e,190,1:01,64,70,特攻+1,"水中1
 陸上",5355,1000000
55,ゴルダック,Golduck,80,82,78,95,80,85,500,みず,,しめりけ, ノーてんき,すいすい,1.7,76.6/c,75,1:01,175,70,特攻+2,"水中1
 陸上",5355,1000000
56,マンキー,Mankey,40,80,35,35,45,70,305,かくとう,,やるき, いかりのつぼ,まけんき,0.5,28.0/d,190,1:01,61,70,攻撃+1,陸上,5355,1000000
57,オコリザル,Primeape,65,105,60,60,70,95,455,かくとう,,やるき, いかりのつぼ,まけんき,1,32.0/d,75,1:01,159,70,攻撃+2,陸上,5355,1000000
58,ガーディ,Growlithe,55,70,45,70,50,60,350,ほのお,,いかく, もらいび,せいぎのこころ,0.7,19.0/e,190,1:01,70,70,攻撃+1,陸上,5355,1250000
59,ウインディ,Arcanine,90,110,80,100,80,95,555,ほのお,,いかく, もらいび,せいぎのこころ,1.9,155.0/b,75,1:01,194,70,攻撃+2,陸上,5355,1250000
60,ニョロモ,Poliwag,40,50,40,40,40,90,300,みず,,ちょすい, しめりけ,すいすい,0.6,12.4/e,255,1:01,60,70,素早+1,水中1,5355,1060000
61,ニョロゾ,Poliwhirl,65,65,65,50,50,90,385,みず,,ちょすい, しめりけ,すいすい,1,20.0/e,120,1:01,135,70,素早+2,水中1,5355,1060000
62,ニョロボン,Poliwrath,90,95,95,70,90,70,510,みず,かくとう,ちょすい, しめりけ,すいすい,1.3,54.0/c,45,1:01,230,70,防御+3,水中1,5355,1060000
63,ケーシィ,Abra,25,20,15,105,55,90,310,エスパー,,シンクロ, せいしんりょく,マジックガード,0.9,19.5/e,200,3:01,62,70,特攻+1,人型,5355,1060000
64,ユンゲラー,Kadabra,40,35,30,120,70,105,400,エスパー,,シンクロ, せいしんりょく,マジックガード,1.3,56.5/c,100,3:01,140,70,特攻+2,人型,5355,1060000
65,フーディン,Alakazam,55,50,45,135,95,120,500,エスパー,,シンクロ, せいしんりょく,マジックガード,1.5,48.0/d,50,3:01,225,70,特攻+3,人型,5355,1060000
065-1,メガフーディン,Mega Alakazam,55,50,65,175,95,150,590,エスパー,,トレース,,,1.2,48.0/d,50,3:01,266,70,特攻+3,人型,5355,1060000
66,ワンリキー,Machop,70,80,50,35,35,35,305,かくとう,,こんじょう, ノーガード,ふくつのこころ,0.8,19.5/e,180,3:01,61,70,攻撃+1,人型,5355,1060000
67,ゴーリキー,Machoke,80,100,70,50,60,45,405,かくとう,,こんじょう, ノーガード,ふくつのこころ,1.5,70.5/c,90,3:01,142,70,攻撃+2,人型,5355,1060000
68,カイリキー,Machamp,90,130,80,65,85,55,505,かくとう,,こんじょう, ノーガード,ふくつのこころ,1.6,130.0/b,45,3:01,227,70,攻撃+3,人型,5355,1060000
69,マダツボミ,Bellsprout,50,75,35,70,30,40,300,くさ,どく,ようりょくそ,,くいしんぼう,0.7,4.0/f,255,1:01,60,70,攻撃+1,植物,5355,1060000
70,ウツドン,Weepinbell,65,90,50,85,45,55,390,くさ,どく,ようりょくそ,,くいしんぼう,1,6.4/f,120,1:01,137,70,攻撃+2,植物,5355,1060000
71,ウツボット,Victreebel,80,105,65,100,70,70,490,くさ,どく,ようりょくそ,,くいしんぼう,1.7,15.5/e,45,1:01,221,70,攻撃+3,植物,5355,1060000
72,メノクラゲ,Tentacool,40,40,35,50,100,70,335,みず,どく,クリアボディ, ヘドロえき,あめうけざら,0.9,45.5/d,190,1:01,67,70,特防+1,水中3,5355,1250000
73,ドククラゲ,Tentacruel,80,70,65,80,120,100,515,みず,どく,クリアボディ, ヘドロえき,あめうけざら,1.6,55.0/c,60,1:01,180,70,特防+2,水中3,5355,1250000
74,イシツブテ,Geodude,40,80,100,30,30,20,300,いわ,じめん,いしあたま, がんじょう,すながくれ,0.4,20.0/e,255,1:01,60,70,防御+1,鉱物,4080,1060000
75,ゴローン,Graveler,55,95,115,45,45,35,390,いわ,じめん,いしあたま, がんじょう,すながくれ,1,105.0/b,120,1:01,137,70,防御+2,鉱物,4080,1060000
76,ゴローニャ,Golem,80,120,130,55,65,45,495,いわ,じめん,いしあたま, がんじょう,すながくれ,1.4,300.0/a,45,1:01,223,70,防御+3,鉱物,4080,1060000
77,ポニータ,Ponyta,50,85,55,65,65,90,410,ほのお,,にげあし, もらいび,ほのおのからだ,1,30.0/d,190,1:01,82,70,素早+1,陸上,5355,1000000
78,ギャロップ,Rapidash,65,100,70,80,80,105,500,ほのお,,にげあし, もらいび,ほのおのからだ,1.7,95.0/c,60,1:01,175,70,素早+2,陸上,5355,1000000
79,ヤドン,Slowpoke,90,65,65,40,40,15,315,みず,エスパー,どんかん, マイペース,さいせいりょく,1.2,36.0/d,190,1:01,63,70,HP+1,"怪獣
 水中1",5355,1000000
80,ヤドラン,Slowbro,95,75,110,100,80,30,490,みず,エスパー,どんかん, マイペース,さいせいりょく,1.6,78.5/c,75,1:01,172,70,防御+2,"怪獣
 水中1",5355,1000000
080-1,メガヤドラン,Mega Slowbro,95,75,180,130,80,30,590,みず,エスパー,シェルアーマー,,,2,120.0/b,75,1:01,?,70,防御+2,"怪獣
 水中1",5355,1000000
81,コイル,Magnemite,25,35,70,95,55,45,325,でんき,はがね,じりょく, がんじょう,アナライズ,0.3,6.0/f,190,不明,65,70,特攻+1,鉱物,5355,1000000
82,レアコイル,Magneton,50,60,95,120,70,70,465,でんき,はがね,じりょく, がんじょう,アナライズ,1,60.0/c,60,不明,163,70,特攻+2,鉱物,5355,1000000
83,カモネギ,Farfetch’d,52,65,55,58,62,60,352,ノーマル,ひこう,するどいめ, せいしんりょく,まけんき,0.8,15.0/e,45,1:01,123,70,攻撃+1,"飛行
 陸上",5355,1000000
84,ドードー,Doduo,35,85,45,35,35,75,310,ノーマル,ひこう,にげあし, はやおき,ちどりあし,1.4,39.2/d,190,1:01,62,70,攻撃+1,飛行,5355,1000000
85,ドードリオ,Dodrio,60,110,70,60,60,100,460,ノーマル,ひこう,にげあし, はやおき,ちどりあし,1.8,85.2/c,45,1:01,161,70,攻撃+2,飛行,5355,1000000
86,パウワウ,Seel,65,45,55,45,70,45,325,みず,,あついしぼう, うるおいボディ,アイスボディ,1.1,90.0/c,190,1:01,65,70,特防+1,"水中1
 陸上",5355,1000000
87,ジュゴン,Dewgong,90,70,80,70,95,70,475,みず,こおり,あついしぼう, うるおいボディ,アイスボディ,1.7,120.0/b,75,1:01,166,70,特防+2,"水中1
 陸上",5355,1000000
88,ベトベター,Grimer,80,80,50,40,50,25,325,どく,,あくしゅう, ねんちゃく,どくしゅ,0.9,30.0/d,190,1:01,65,70,HP+1,不定形,5355,1000000
89,ベトベトン,Muk,105,105,75,65,100,50,500,どく,,あくしゅう, ねんちゃく,どくしゅ,1.2,30.0/d,75,1:01,175,70,"HP+1
 攻撃+1",不定形,5355,1000000
90,シェルダー,Shellder,30,65,100,45,25,40,305,みず,,シェルアーマー, スキルリンク,ぼうじん,0.3,4.0/f,190,1:01,61,70,防御+1,水中3,5355,1250000
91,パルシェン,Cloyster,50,95,180,85,45,70,525,みず,こおり,シェルアーマー, スキルリンク,ぼうじん,1.5,132.5/b,60,1:01,184,70,防御+2,水中3,5355,1250000
92,ゴース,Gastly,30,35,30,100,35,80,310,ゴースト,どく,ふゆう,,,1.3,0.1/f,190,1:01,62,70,特攻+1,不定形,5355,1060000
93,ゴースト,Haunter,45,50,45,115,55,95,405,ゴースト,どく,ふゆう,,,1.6,0.1/f,90,1:01,142,70,特攻+2,不定形,5355,1060000
94,ゲンガー,Gengar,60,65,60,130,75,110,500,ゴースト,どく,ふゆう,,,1.5,40.5/d,45,1:01,225,70,特攻+3,不定形,5355,1060000
094-1,メガゲンガー,Mega Gengar,60,65,80,170,95,130,600,ゴースト,どく,かげふみ,,,1.4,40.5/d,45,1:01,270,70,特攻+3,不定形,5355,1060000
95,イワーク,Onix,35,45,160,30,45,70,385,いわ,じめん,いしあたま, がんじょう,くだけるよろい,8.8,210.0/a,45,1:01,77,70,防御+1,鉱物,6630,1000000
96,スリープ,Drowzee,60,48,45,43,90,42,328,エスパー,,ふみん, よちむ,せいしんりょく,1,32.4/d,190,1:01,66,70,特防+1,人型,5355,1000000
97,スリーパー,Hypno,85,73,70,73,115,67,483,エスパー,,ふみん, よちむ,せいしんりょく,1.6,75.6/c,75,1:01,169,70,特防+2,人型,5355,1000000
98,クラブ,Krabby,30,105,90,25,25,50,325,みず,,かいりきバサミ, シェルアーマー,ちからずく,0.4,6.5/f,225,1:01,65,70,攻撃+1,水中3,5355,1000000
99,キングラー,Kingler,55,130,115,50,50,75,475,みず,,かいりきバサミ, シェルアーマー,ちからずく,1.3,60.0/c,60,1:01,166,70,攻撃+2,水中3,5355,1000000
100,ビリリダマ,Voltorb,40,30,50,55,55,100,330,でんき,,ぼうおん, せいでんき,ゆうばく,0.5,10.4/e,190,不明,66,70,素早+1,鉱物,5355,1000000
101,マルマイン,Electrode,60,50,70,80,80,140,480,でんき,,ぼうおん, せいでんき,ゆうばく,1.2,66.6/c,60,不明,168,70,素早+2,鉱物,5355,1000000
102,タマタマ,Exeggcute,60,40,80,60,45,40,325,くさ,エスパー,ようりょくそ,,しゅうかく,0.4,25.0/e,90,1:01,65,70,防御+1,植物,5355,1250000
103,ナッシー,Exeggutor,95,95,85,125,65,55,520,くさ,エスパー,ようりょくそ,,しゅうかく,2,120.0/b,45,1:01,182,70,特攻+2,植物,5355,1250000
104,カラカラ,Cubone,50,50,95,40,50,35,320,じめん,,いしあたま, ひらいしん,カブトアーマー,0.4,6.5/f,190,1:01,64,70,防御+1,怪獣,5355,1000000
105,ガラガラ,Marowak,60,80,110,50,80,45,425,じめん,,いしあたま, ひらいしん,カブトアーマー,1,45.0/d,75,1:01,149,70,防御+2,怪獣,5355,1000000
106,サワムラー,Hitmonlee,50,120,53,35,110,87,455,かくとう,,じゅうなん, すてみ,かるわざ,1.5,49.8/d,45,♂,159,70,攻撃+2,人型,6630,1000000
107,エビワラー,Hitmonchan,50,105,79,35,110,76,455,かくとう,,するどいめ, てつのこぶし,せいしんりょく,1.4,50.2/c,45,♂,159,70,特防+2,人型,6630,1000000
108,ベロリンガ,Lickitung,90,55,75,60,75,30,385,ノーマル,,マイペース, どんかん,ノーてんき,1.2,65.5/c,45,1:01,77,70,HP+2,怪獣,5355,1000000
109,ドガース,Koffing,40,65,95,60,45,35,340,どく,,ふゆう,,,0.6,1.0/f,190,1:01,68,70,防御+1,不定形,5355,1000000
110,マタドガス,Weezing,65,90,120,85,70,60,490,どく,,ふゆう,,,1.2,9.5/f,60,1:01,172,70,防御+2,不定形,5355,1000000
111,サイホーン,Rhyhorn,80,85,95,30,30,25,345,じめん,いわ,ひらいしん, いしあたま,すてみ,1,115.0/b,120,1:01,69,70,防御+1,"怪獣
 陸上",5355,1250000
112,サイドン,Rhydon,105,130,120,45,45,40,485,じめん,いわ,ひらいしん, いしあたま,すてみ,1.9,120.0/b,60,1:01,170,70,攻撃+2,"怪獣
 陸上",5355,1250000
113,ラッキー,Chansey,250,5,5,35,105,50,450,ノーマル,,しぜんかいふく, てんのめぐみ,いやしのこころ,1.1,34.6/d,30,♀,395,140,HP+2,妖精,10455,800000
114,モンジャラ,Tangela,65,55,115,100,40,60,435,くさ,,ようりょくそ, リーフガード,さいせいりょく,1,35.0/d,45,1:01,87,70,防御+1,植物,5355,1000000
115,ガルーラ,Kangaskhan,105,95,80,40,80,90,490,ノーマル,,はやおき, きもったま,せいしんりょく,2.2,80.0/c,45,♀,172,70,HP+2,怪獣,5355,1000000
115-1,メガガルーラ,Mega Kangaskhan,105,125,100,60,100,100,590,ノーマル,,おやこあい,,,2.2,100.0/c,45,♀,207,70,HP+2,怪獣,5355,1000000
116,タッツー,Horsea,30,40,70,70,25,60,295,みず,,すいすい, スナイパー,しめりけ,0.4,8.0/f,225,1:01,59,70,特攻+1,"水中1
 ドラゴン",5355,1000000
117,シードラ,Seadra,55,65,95,95,45,85,440,みず,,どくのトゲ, スナイパー,しめりけ,1.2,25.0/e,75,1:01,154,70,"防御+1
 特攻+1","水中1
 ドラゴン",5355,1000000
118,トサキント,Goldeen,45,67,60,35,50,63,320,みず,,すいすい, みずのベール,ひらいしん,0.6,15.0/e,225,1:01,64,70,攻撃+1,水中2,5355,1000000
119,アズマオウ,Seaking,80,92,65,65,80,68,450,みず,,すいすい, みずのベール,ひらいしん,1.3,39.0/d,60,1:01,158,70,攻撃+2,水中2,5355,1000000
120,ヒトデマン,Staryu,30,45,55,70,55,85,340,みず,,はっこう, しぜんかいふく,アナライズ,0.8,34.5/d,225,不明,68,70,素早+1,水中3,5355,1250000
121,スターミー,Starmie,60,75,85,100,85,115,520,みず,エスパー,はっこう, しぜんかいふく,アナライズ,1.1,80.0/c,60,不明,182,70,素早+2,水中3,5355,1250000
122,バリヤード,Mr. Mime,40,45,65,100,120,90,460,エスパー,フェアリー,ぼうおん, フィルター,テクニシャン,1.3,54.5/c,45,1:01,161,70,特防+2,人型,6630,1000000
123,ストライク,Scyther,70,110,80,55,80,105,500,むし,ひこう,むしのしらせ, テクニシャン,ふくつのこころ,1.5,56.0/c,45,1:01,100,70,攻撃+1,虫,6630,1000000
124,ルージュラ,Jynx,65,50,35,115,95,95,455,こおり,エスパー,どんかん, よちむ,かんそうはだ,1.4,40.6/d,45,♀,159,70,特攻+2,人型,6630,1000000
125,エレブー,Electabuzz,65,83,57,95,85,105,490,でんき,,せいでんき,,やるき,1.1,30.0/d,45,3:01,172,70,素早+2,人型,6630,1000000
126,ブーバー,Magmar,65,95,57,100,85,93,495,ほのお,,ほのおのからだ,,やるき,1.3,44.5/d,45,3:01,173,70,特攻+2,人型,6630,1000000
127,カイロス,Pinsir,65,125,100,55,70,85,500,むし,,かいりきバサミ, かたやぶり,じしんかじょう,1.5,55.0/c,45,1:01,175,70,攻撃+2,虫,6630,1250000
127-1,メガカイロス,Mega Pinsir,65,155,120,65,90,105,600,むし,ひこう,スカイスキン,,,1.7,59.0/c,45,1:01,210,70,攻撃+2,虫,6630,1250000
128,ケンタロス,Tauros,75,100,95,40,70,110,490,ノーマル,,いかく, いかりのつぼ,ちからずく,1.4,88.4/c,45,1:01,172,70,"攻撃+1
 素早+1",陸上,5355,1250000
129,コイキング,Magikarp,20,10,55,15,20,80,200,みず,,すいすい,,びびり,0.9,10.0/f,255,1:01,40,70,素早+1,"水中2
 ドラゴン",1530,1250000
130,ギャラドス,Gyarados,95,125,79,60,100,81,540,みず,ひこう,いかく,,じしんかじょう,6.5,235.0/a,45,1:01,189,70,攻撃+2,"水中2
 ドラゴン",1530,1250000
130-1,メガギャラドス,Mega Gyarados,95,155,109,70,130,81,640,みず,あく,かたやぶり,,,6.5,305.0/a,45,1:01,224,70,攻撃+2,"水中2
 ドラゴン",1530,1250000
131,ラプラス,Lapras,130,85,80,85,95,60,535,みず,こおり,ちょすい, シェルアーマー,うるおいボディ,2.5,220.0/a,45,1:01,187,70,HP+2,"怪獣
 水中1",10455,1250000
132,メタモン,Ditto,48,48,48,48,48,48,288,ノーマル,,じゅうなん,,かわりもの,0.3,4.0/f,35,不明,101,70,HP+1,メタモン,5355,1000000
133,イーブイ,Eevee,55,55,50,45,65,55,325,ノーマル,,にげあし, てきおうりょく,きけんよち,0.3,6.5/f,45,7:01,65,70,特防+1,陸上,9180,1000000
134,シャワーズ,Vaporeon,130,65,60,110,95,65,525,みず,,ちょすい,,うるおいボディ,1,29.0/d,45,7:01,184,70,HP+2,陸上,9180,1000000
135,サンダース,Jolteon,65,65,60,110,95,130,525,でんき,,ちくでん,,はやあし,0.8,24.5/e,45,7:01,184,70,素早+2,陸上,9180,1000000
136,ブースター,Flareon,65,130,60,95,110,65,525,ほのお,,もらいび,,こんじょう,0.9,25.0/e,45,7:01,184,70,攻撃+2,陸上,9180,1000000
137,ポリゴン,Porygon,65,60,70,85,75,40,395,ノーマル,,トレース, ダウンロード,アナライズ,0.8,36.5/d,45,不明,79,70,特攻+1,鉱物,5355,1000000
138,オムナイト,Omanyte,35,40,100,90,55,35,355,いわ,みず,すいすい, シェルアーマー,くだけるよろい,0.4,7.5/f,45,7:01,71,70,防御+1,"水中1
 水中3",7905,1000000
139,オムスター,Omastar,70,60,125,115,70,55,495,いわ,みず,すいすい, シェルアーマー,くだけるよろい,1,35.0/d,45,7:01,173,70,防御+2,"水中1
 水中3",7905,1000000
140,カブト,Kabuto,30,80,90,55,45,55,355,いわ,みず,すいすい, カブトアーマー,くだけるよろい,0.5,11.5/e,45,7:01,71,70,防御+1,"水中1
 水中3",7905,1000000
141,カブトプス,Kabutops,60,115,105,65,70,80,495,いわ,みず,すいすい, カブトアーマー,くだけるよろい,1.3,40.5/d,45,7:01,173,70,攻撃+2,"水中1
 水中3",7905,1000000
142,プテラ,Aerodactyl,80,105,65,60,75,130,515,いわ,ひこう,いしあたま, プレッシャー,きんちょうかん,1.8,59.0/c,45,7:01,180,70,素早+2,飛行,9180,1250000
142-1,メガプテラ,Mega Aerodactyl,80,135,85,70,95,150,615,いわ,ひこう,かたいツメ,,,2.1,79.0/c,45,7:01,215,70,素早+2,飛行,9180,1250000
143,カビゴン,Snorlax,160,110,65,65,110,30,540,ノーマル,,めんえき, あついしぼう,くいしんぼう,2.1,460.0/a,25,7:01,189,70,HP+2,怪獣,10455,1250000
144,フリーザー,Articuno,90,85,100,95,125,85,580,こおり,ひこう,プレッシャー,,ゆきがくれ,1.7,55.4/c,3,不明,261,35,特防+3,未発見,20655,1250000
145,サンダー,Zapdos,90,90,85,125,90,100,580,でんき,ひこう,プレッシャー,,せいでんき,1.6,52.6/c,3,不明,261,35,特攻+3,未発見,20655,1250000
146,ファイヤー,Moltres,90,100,90,125,85,90,580,ほのお,ひこう,プレッシャー,,ほのおのからだ,2,60.0/c,3,不明,261,35,特攻+3,未発見,20655,1250000
147,ミニリュウ,Dratini,41,64,45,50,50,50,300,ドラゴン,,だっぴ,,ふしぎなうろこ,1.8,3.3/f,45,1:01,60,35,攻撃+1,"水中1
 ドラゴン",10455,1250000
148,ハクリュー,Dragonair,61,84,65,70,70,70,420,ドラゴン,,だっぴ,,ふしぎなうろこ,4,16.5/e,45,1:01,147,35,攻撃+2,"水中1
 ドラゴン",10455,1250000
149,カイリュー,Dragonite,91,134,95,100,100,80,600,ドラゴン,ひこう,せいしんりょく,,マルチスケイル,2.2,210.0/a,45,1:01,270,35,攻撃+3,"水中1
 ドラゴン",10455,1250000
150,ミュウツー,Mewtwo,106,110,90,154,90,130,680,エスパー,,プレッシャー,,きんちょうかん,2,122.0/b,3,不明,306,0,特攻+3,未発見,30855,1250000
150-1,メガミュウツーX,Mega Mewtwo X,106,190,100,154,100,130,780,エスパー,かくとう,ふくつのこころ,,,2.3,127.0/b,3,不明,351,0,特攻+3,未発見,30855,1250000
150-2,メガミュウツーY,Mega Mewtwo Y,106,150,70,194,120,140,780,エスパー,,ふみん,,,1.5,33.0/d,3,不明,351,0,特攻+3,未発見,30855,1250000
151,ミュウ,Mew,100,100,100,100,100,100,600,エスパー,,シンクロ,,,0.4,4.0/f,45,不明,270,100,HP+3,未発見,30855,1060000
152,チコリータ,Chikorita,45,49,65,49,65,45,318,くさ,,しんりょく,,リーフガード,0.9,6.4/f,45,7:01,64,70,特防+1,"怪獣
 植物",5355,1060000
153,ベイリーフ,Bayleef,60,62,80,63,80,60,405,くさ,,しんりょく,,リーフガード,1.2,15.8/e,45,7:01,142,70,"防御+1
 特防+1","怪獣
 植物",5355,1060000
154,メガニウム,Meganium,80,82,100,83,100,80,525,くさ,,しんりょく,,リーフガード,1.8,100.5/b,45,7:01,236,70,"防御+1
 特防+2","怪獣
 植物",5355,1060000
155,ヒノアラシ,Cyndaquil,39,52,43,60,50,65,309,ほのお,,もうか,,もらいび,0.5,7.9/f,45,7:01,62,70,素早+1,陸上,5355,1060000
156,マグマラシ,Quilava,58,64,58,80,65,80,405,ほのお,,もうか,,もらいび,0.9,19.0/e,45,7:01,142,70,"特攻+1
 素早+1",陸上,5355,1060000
157,バクフーン,Typhlosion,78,84,78,109,85,100,534,ほのお,,もうか,,もらいび,1.7,79.5/c,45,7:01,240,70,特攻+3,陸上,5355,1060000
158,ワニノコ,Totodile,50,65,64,44,48,43,314,みず,,げきりゅう,,ちからずく,0.6,9.5/f,45,7:01,63,70,攻撃+1,"怪獣
 水中1",5355,1060000
159,アリゲイツ,Croconaw,65,80,80,59,63,58,405,みず,,げきりゅう,,ちからずく,1.1,25.0/e,45,7:01,142,70,"攻撃+1
 防御+1","怪獣
 水中1",5355,1060000
160,オーダイル,Feraligatr,85,105,100,79,83,78,530,みず,,げきりゅう,,ちからずく,2.3,88.8/c,45,7:01,239,70,"攻撃+2
 防御+1","怪獣
 水中1",5355,1060000
161,オタチ,Sentret,35,46,34,35,45,20,215,ノーマル,,にげあし, するどいめ,おみとおし,0.8,6.0/f,255,1:01,43,70,攻撃+1,陸上,4080,1000000
162,オオタチ,Furret,85,76,64,45,55,90,415,ノーマル,,にげあし, するどいめ,おみとおし,1.8,32.5/d,90,1:01,145,70,素早+2,陸上,4080,1000000
163,ホーホー,Hoothoot,60,30,30,36,56,50,262,ノーマル,ひこう,ふみん, するどいめ,いろめがね,0.7,21.2/e,255,1:01,52,70,HP+1,飛行,4080,1000000
164,ヨルノズク,Noctowl,100,50,50,76,96,70,442,ノーマル,ひこう,ふみん, するどいめ,いろめがね,1.6,40.8/d,90,1:01,155,70,HP+2,飛行,4080,1000000
165,レディバ,Ledyba,40,20,30,40,80,55,265,むし,ひこう,むしのしらせ, はやおき,びびり,1,10.8/e,255,1:01,53,70,特防+1,虫,4080,800000
166,レディアン,Ledian,55,35,50,55,110,85,390,むし,ひこう,むしのしらせ, はやおき,てつのこぶし,1.4,35.6/d,90,1:01,137,70,特防+2,虫,4080,800000
167,イトマル,Spinarak,40,60,40,40,40,30,250,むし,どく,むしのしらせ, ふみん,スナイパー,0.5,8.5/f,255,1:01,50,70,攻撃+1,虫,4080,800000
168,アリアドス,Ariados,70,90,70,60,60,40,390,むし,どく,むしのしらせ, ふみん,スナイパー,1.1,33.5/d,90,1:01,137,70,攻撃+2,虫,4080,800000
169,クロバット,Crobat,85,90,80,70,80,130,535,どく,ひこう,せいしんりょく,,すりぬけ,1.8,75.0/c,90,1:01,241,70,素早+3,飛行,4080,1000000
170,チョンチー,Chinchou,75,38,38,56,56,67,330,みず,でんき,ちくでん, はっこう,ちょすい,0.5,12.0/e,190,1:01,66,70,HP+1,水中2,5355,1250000
171,ランターン,Lanturn,125,58,58,76,76,67,460,みず,でんき,ちくでん, はっこう,ちょすい,1.2,22.5/e,75,1:01,161,70,HP+2,水中2,5355,1250000
172,ピチュー,Pichu,20,40,15,35,35,60,205,でんき,,せいでんき,,ひらいしん,0.3,2.0/f,190,1:01,41,70,素早+1,未発見,2805,1000000
173,ピィ,Cleffa,50,25,28,45,55,15,218,フェアリー,,メロメロボディ, マジックガード,フレンドガード,0.3,3.0/f,150,1:03,44,140,特防+1,未発見,2805,800000
174,ププリン,Igglybuff,90,30,15,40,20,15,210,ノーマル,フェアリー,メロメロボディ, かちき,フレンドガード,0.3,1.0/f,170,1:03,42,70,HP+1,未発見,2805,800000
175,トゲピー,Togepi,35,20,65,40,65,20,245,フェアリー,,はりきり, てんのめぐみ,きょううん,0.3,1.5/f,190,7:01,49,70,特防+1,未発見,2805,800000
176,トゲチック,Togetic,55,40,85,80,105,40,405,フェアリー,ひこう,はりきり, てんのめぐみ,きょううん,0.6,3.2/f,75,7:01,142,70,特防+2,"飛行
 妖精",2805,800000
177,ネイティ,Natu,40,50,45,70,45,70,320,エスパー,ひこう,シンクロ, はやおき,マジックミラー,0.2,2.0/f,190,1:01,64,70,特攻+1,飛行,5355,1000000
178,ネイティオ,Xatu,65,75,70,95,70,95,470,エスパー,ひこう,シンクロ, はやおき,マジックミラー,1.5,15.0/e,75,1:01,165,70,"特攻+1
 素早+1",飛行,5355,1000000
179,メリープ,Mareep,55,40,40,65,45,35,280,でんき,,せいでんき,,プラス,0.6,7.8/f,235,1:01,56,70,特攻+1,"怪獣
 陸上",5355,1060000
180,モココ,Flaaffy,70,55,55,80,60,45,365,でんき,,せいでんき,,プラス,0.8,13.3/e,120,1:01,128,70,特攻+2,"怪獣
 陸上",5355,1060000
181,デンリュウ,Ampharos,90,75,85,115,90,55,510,でんき,ドラゴン,せいでんき,,プラス,1.4,61.5/c,45,1:01,230,70,特攻+3,"怪獣
 陸上",5355,1060000
181-1,メガデンリュウ,Mega Ampharos,90,95,105,165,110,45,610,でんき,ドラゴン,かたやぶり,,,1.4,61.5/c,45,1:01,275,70,特攻+3,"怪獣
 陸上",5355,1060000
182,キレイハナ,Bellossom,75,80,95,90,100,50,490,くさ,,ようりょくそ,,いやしのこころ,0.4,5.8/f,45,1:01,221,70,特防+3,植物,5355,1060000
183,マリル,Marill,70,20,50,20,50,40,250,みず,フェアリー,あついしぼう, ちからもち,そうしょく,0.4,8.5/f,190,1:01,88,70,HP+2,"水中1
 妖精",2805,800000
184,マリルリ,Azumarill,100,50,80,60,80,50,420,みず,フェアリー,あついしぼう, ちからもち,そうしょく,0.8,28.5/d,75,1:01,189,70,HP+3,"水中1
 妖精",2805,800000
185,ウソッキー,Sudowoodo,70,100,115,30,65,30,410,いわ,,がんじょう, いしあたま,びびり,1.2,38.0/d,65,1:01,144,70,防御+2,鉱物,5355,1000000
186,ニョロトノ,Politoed,90,75,75,90,100,70,500,みず,,ちょすい, しめりけ,あめふらし,1.1,33.9/d,45,1:01,225,70,特防+3,水中1,5355,1060000
187,ハネッコ,Hoppip,35,35,40,35,55,50,250,くさ,ひこう,ようりょくそ, リーフガード,すりぬけ,0.4,0.5/f,255,1:01,50,70,特防+1,"妖精
 植物",5355,1060000
188,ポポッコ,Skiploom,55,45,50,45,65,80,340,くさ,ひこう,ようりょくそ, リーフガード,すりぬけ,0.6,1.0/f,120,1:01,119,70,素早+2,"妖精
 植物",5355,1060000
189,ワタッコ,Jumpluff,75,55,70,55,95,110,460,くさ,ひこう,ようりょくそ, リーフガード,すりぬけ,0.8,3.0/f,45,1:01,207,70,素早+3,"妖精
 植物",5355,1060000
190,エイパム,Aipom,55,70,55,40,55,85,360,ノーマル,,にげあし, ものひろい,スキルリンク,0.8,11.5/e,45,1:01,72,70,素早+1,陸上,5355,800000
191,ヒマナッツ,Sunkern,30,30,30,30,30,30,180,くさ,,ようりょくそ, サンパワー,はやおき,0.3,1.8/f,235,1:01,36,70,特攻+1,植物,5355,1060000
192,キマワリ,Sunflora,75,75,55,105,85,30,425,くさ,,ようりょくそ, サンパワー,はやおき,0.8,8.5/f,120,1:01,149,70,特攻+2,植物,5355,1060000
193,ヤンヤンマ,Yanma,65,65,45,75,45,95,390,むし,ひこう,かそく, ふくがん,おみとおし,1.2,38.0/d,75,1:01,78,70,素早+1,虫,5355,1000000
194,ウパー,Wooper,55,45,45,25,25,15,210,みず,じめん,しめりけ, ちょすい,てんねん,0.4,8.5/f,255,1:01,42,70,HP+1,"水中1
 陸上",5355,1000000
195,ヌオー,Quagsire,95,85,85,65,65,35,430,みず,じめん,しめりけ, ちょすい,てんねん,1.4,75.0/c,90,1:01,151,70,HP+2,"水中1
 陸上",5355,1000000
196,エーフィ,Espeon,65,65,60,130,95,110,525,エスパー,,シンクロ,,マジックミラー,0.9,26.5/d,45,7:01,184,70,特攻+2,陸上,8690,1000000
197,ブラッキー,Umbreon,95,65,110,60,130,65,525,あく,,シンクロ,,せいしんりょく,1,27.0/d,45,7:01,184,35,特防+2,陸上,8690,1000000
198,ヤミカラス,Murkrow,60,85,42,85,42,91,405,あく,ひこう,ふみん, きょううん,いたずらごころ,0.5,2.1/f,30,1:01,81,35,素早+1,飛行,5355,1060000
199,ヤドキング,Slowking,95,75,80,100,110,30,490,みず,エスパー,どんかん, マイペース,さいせいりょく,2,79.5/c,70,1:01,172,70,特防+3,"怪獣
 水中1",5355,1000000
200,ムウマ,Misdreavus,60,60,60,85,85,85,435,ゴースト,,ふゆう,,,0.7,1.0/f,45,1:01,87,35,特防+1,不定形,6630,800000
201,アンノーン,Unown,48,72,48,72,48,48,336,エスパー,,ふゆう,,,0.5,5.0/f,225,不明,118,70,"攻撃+1
 特攻+1",未発見,10455,1000000
202,ソーナンス,Wobbuffet,190,33,58,33,58,33,405,エスパー,,かげふみ,,テレパシー,1.3,28.5/d,45,1:01,142,70,HP+2,不定形,5355,1000000
203,キリンリキ,Girafarig,70,80,65,90,65,85,455,ノーマル,エスパー,せいしんりょく, はやおき,そうしょく,1.5,41.5/d,60,1:01,159,70,特攻+2,陸上,5355,1000000
204,クヌギダマ,Pineco,50,65,90,35,35,15,290,むし,,がんじょう,,ぼうじん,0.6,7.2/f,190,1:01,58,70,防御+1,虫,5355,1000000
205,フォレトス,Forretress,75,90,140,60,60,40,465,むし,はがね,がんじょう,,ぼうじん,1.2,125.8/b,75,1:01,163,70,防御+2,虫,5355,1000000
206,ノコッチ,Dunsparce,100,70,70,65,65,45,415,ノーマル,,てんのめぐみ, にげあし,びびり,1.5,14.0/e,190,1:01,145,70,HP+1,陸上,5355,1000000
207,グライガー,Gligar,65,75,105,35,65,85,430,じめん,ひこう,かいりきバサミ, すながくれ,めんえき,1.1,64.8/c,60,1:01,86,70,防御+1,虫,5355,1060000
208,ハガネール,Steelix,75,85,200,55,65,30,510,はがね,じめん,いしあたま, がんじょう,ちからずく,9.2,400.0/a,25,1:01,179,70,防御+2,鉱物,6630,1000000
208-1,メガハガネール,Mega Steelix,75,125,230,55,95,30,610,はがね,じめん,すなのちから,,,10.5,740.0/a,25,1:01,?,70,防御+2,鉱物,6630,1000000
209,ブルー,Snubbull,60,80,50,40,40,30,300,フェアリー,,いかく, にげあし,びびり,0.6,7.8/f,190,1:03,60,70,攻撃+1,"陸上
 妖精",5355,800000
210,グランブル,Granbull,90,120,75,60,60,45,450,フェアリー,,いかく, はやあし,びびり,1.4,48.7/d,75,1:03,158,70,攻撃+2,"陸上
 妖精",5355,800000
211,ハリーセン,Qwilfish,65,95,75,55,55,85,430,みず,どく,どくのトゲ, すいすい,いかく,0.5,3.9/f,45,1:01,86,70,攻撃+1,水中2,5355,1000000
212,ハッサム,Scizor,70,130,100,55,80,65,500,むし,はがね,むしのしらせ, テクニシャン,ライトメタル,1.8,118.0/b,25,1:01,175,70,攻撃+2,虫,6630,1000000
212-1,メガハッサム,Mega Scizor,70,150,140,65,100,75,600,むし,はがね,テクニシャン,,,2,125.0/b,25,1:01,210,70,攻撃+2,虫,6630,1000000
213,ツボツボ,Shuckle,20,10,230,10,230,5,505,むし,いわ,がんじょう, くいしんぼう,あまのじゃく,0.6,20.5/e,190,1:01,177,70,"防御+1
 特防+1",虫,5355,1060000
214,ヘラクロス,Heracross,80,125,75,40,95,85,500,むし,かくとう,むしのしらせ, こんじょう,じしんかじょう,1.5,54.0/c,45,1:01,175,70,攻撃+2,虫,6630,1250000
214-1,メガヘラクロス,Mega Heracross,80,185,115,40,105,75,600,むし,かくとう,スキルリンク,,,1.7,62.5/c,45,1:01,210,70,攻撃+2,虫,6630,1250000
215,ニューラ,Sneasel,55,95,55,35,75,115,430,あく,こおり,せいしんりょく, するどいめ,わるいてぐせ,0.9,28.0/d,60,1:01,86,35,素早+1,陸上,5355,1060000
216,ヒメグマ,Teddiursa,60,80,50,50,50,40,330,ノーマル,,ものひろい, はやあし,みつあつめ,0.6,8.8/f,120,1:01,66,70,攻撃+1,陸上,5355,1000000
217,リングマ,Ursaring,90,130,75,75,75,55,500,ノーマル,,こんじょう, はやあし,きんちょうかん,1.8,125.8/b,60,1:01,175,70,攻撃+2,陸上,5355,1000000
218,マグマッグ,Slugma,40,40,40,70,40,20,250,ほのお,,マグマのよろい, ほのおのからだ,くだけるよろい,0.7,35.0/d,190,1:01,50,70,特攻+1,不定形,5355,1000000
219,マグカルゴ,Magcargo,50,50,120,80,80,30,410,ほのお,いわ,マグマのよろい, ほのおのからだ,くだけるよろい,0.8,55.0/c,75,1:01,144,70,防御+2,不定形,5355,1000000
220,ウリムー,Swinub,50,50,40,30,30,50,250,こおり,じめん,どんかん, ゆきがくれ,あついしぼう,0.4,6.5/f,225,1:01,50,70,攻撃+1,陸上,5355,1250000
221,イノムー,Piloswine,100,100,80,60,60,50,450,こおり,じめん,どんかん, ゆきがくれ,あついしぼう,1.1,55.8/c,75,1:01,158,70,"HP+1
 攻撃+1",陸上,5355,1250000
222,サニーゴ,Corsola,55,55,85,65,85,35,380,みず,いわ,はりきり, しぜんかいふく,さいせいりょく,0.6,5.0/f,60,1:03,133,70,"防御+1
 特防+1","水中1
 水中3",5355,800000
223,テッポウオ,Remoraid,35,65,35,65,35,65,300,みず,,はりきり, スナイパー,ムラっけ,0.6,12.0/e,190,1:01,60,70,特攻+1,"水中1
 水中2",5355,1000000
224,オクタン,Octillery,75,105,75,105,75,45,480,みず,,きゅうばん, スナイパー,ムラっけ,0.9,28.5/d,75,1:01,168,70,"攻撃+1
 特攻+1","水中1
 水中2",5355,1000000
225,デリバード,Delibird,45,55,45,65,45,75,330,こおり,ひこう,やるき, はりきり,ふみん,0.9,16.0/e,45,1:01,116,70,素早+1,"水中1
 陸上",5355,800000
226,マンタイン,Mantine,65,40,70,80,140,70,465,みず,ひこう,すいすい, ちょすい,みずのベール,2.1,220.0/a,25,1:01,163,70,特防+2,水中1,6630,1250000
227,エアームド,Skarmory,65,80,140,40,70,70,465,はがね,ひこう,するどいめ, がんじょう,くだけるよろい,1.7,50.5/c,25,1:01,163,70,防御+2,飛行,6630,1250000
228,デルビル,Houndour,45,60,30,80,50,65,330,あく,ほのお,はやおき, もらいび,きんちょうかん,0.6,10.8/e,120,1:01,66,35,特攻+1,陸上,5355,1250000
229,ヘルガー,Houndoom,75,90,50,110,80,95,500,あく,ほのお,はやおき, もらいび,きんちょうかん,1.4,35.0/d,45,1:01,175,35,特攻+2,陸上,5355,1250000
229-1,メガヘルガー,Mega Houndoom,75,90,90,140,90,115,600,あく,ほのお,サンパワー,,,1.9,49.5/d,45,1:01,210,35,特攻+2,陸上,5355,1250000
230,キングドラ,Kingdra,75,95,95,95,95,85,540,みず,ドラゴン,すいすい, スナイパー,しめりけ,1.8,152.0/b,45,1:01,243,70,"攻撃+1
 特攻+1
 特防+1","水中1
 ドラゴン",5355,1000000
231,ゴマゾウ,Phanpy,90,60,60,40,40,40,330,じめん,,ものひろい,,すながくれ,0.5,33.5/d,120,1:01,66,70,HP+1,陸上,5355,1000000
232,ドンファン,Donphan,90,120,120,60,60,50,500,じめん,,がんじょう,,すながくれ,1.1,120.0/b,60,1:01,175,70,"攻撃+1
 防御+1",陸上,5355,1000000
233,ポリゴン２,Porygon2,85,80,90,105,95,60,515,ノーマル,,トレース, ダウンロード,アナライズ,0.6,32.5/d,45,不明,180,70,特攻+2,鉱物,5355,1000000
234,オドシシ,Stantler,73,95,62,85,65,85,465,ノーマル,,いかく, おみとおし,そうしょく,1.4,71.2/c,45,1:01,163,70,攻撃+1,陸上,5355,1250000
235,ドーブル,Smeargle,55,20,35,20,45,75,250,ノーマル,,マイペース, テクニシャン,ムラっけ,1.2,58.0/c,45,1:01,88,70,素早+1,陸上,5355,800000
236,バルキー,Tyrogue,35,35,35,35,35,35,210,かくとう,,こんじょう, ふくつのこころ,やるき,0.7,21.0/e,75,♂,42,70,攻撃+1,未発見,6630,1000000
237,カポエラー,Hitmontop,50,95,95,35,110,70,455,かくとう,,いかく, テクニシャン,ふくつのこころ,1.4,48.0/d,45,♂,159,70,特防+2,人型,6630,1000000
238,ムチュール,Smoochum,45,30,15,85,65,65,305,こおり,エスパー,どんかん, よちむ,うるおいボディ,0.4,6.0/f,45,♀,61,70,特攻+1,未発見,6630,1000000
239,エレキッド,Elekid,45,63,37,65,55,95,360,でんき,,せいでんき,,やるき,0.6,23.5/e,45,3:01,72,70,素早+1,未発見,6630,1000000
240,ブビィ,Magby,45,75,37,70,55,83,365,ほのお,,ほのおのからだ,,やるき,0.7,21.4/e,45,3:01,73,70,素早+1,未発見,6630,1000000
241,ミルタンク,Miltank,95,80,105,40,70,100,490,ノーマル,,あついしぼう, きもったま,そうしょく,1.2,75.5/c,45,♀,172,70,防御+2,陸上,5355,1250000
242,ハピナス,Blissey,255,10,10,75,135,55,540,ノーマル,,しぜんかいふく, てんのめぐみ,いやしのこころ,1.5,46.8/d,30,♀,608,140,HP+3,妖精,10455,800000
243,ライコウ,Raikou,90,85,75,115,100,115,580,でんき,,プレッシャー,,ちくでん,1.9,178.0/b,3,不明,261,35,"特攻+1
 素早+2",未発見,20655,1250000
244,エンテイ,Entei,115,115,85,90,75,100,580,ほのお,,プレッシャー,,もらいび,2.1,198.0/b,3,不明,261,35,"HP+1
 攻撃+2",未発見,20655,1250000
245,スイクン,Suicune,100,75,115,90,115,85,580,みず,,プレッシャー,,ちょすい,2,187.0/b,3,不明,261,35,"防御+1
 特防+2",未発見,20655,1250000
246,ヨーギラス,Larvitar,50,64,50,45,50,41,300,いわ,じめん,こんじょう,,すながくれ,0.6,72.0/c,45,1:01,60,35,攻撃+1,怪獣,10455,1250000
247,サナギラス,Pupitar,70,84,70,65,70,51,410,いわ,じめん,だっぴ,,だっぴ,1.2,152.0/b,45,1:01,144,35,攻撃+2,怪獣,10455,1250000
248,バンギラス,Tyranitar,100,134,110,95,100,61,600,いわ,あく,すなおこし,,きんちょうかん,2,202.0/a,45,1:01,270,35,攻撃+3,怪獣,10455,1250000
248-1,メガバンギラス,Mega Tyranitar,100,164,150,95,120,71,700,いわ,あく,すなおこし,,,2.5,255.0/a,45,1:01,315,35,攻撃+3,怪獣,10455,1250000
249,ルギア,Lugia,106,90,130,90,154,110,680,エスパー,ひこう,プレッシャー,,マルチスケイル,5.2,216.0/a,3,不明,306,0,特防+3,未発見,30855,1250000
250,ホウオウ,Ho-Oh,106,130,90,110,154,90,680,ほのお,ひこう,プレッシャー,,さいせいりょく,3.8,199.0/b,3,不明,306,0,特防+3,未発見,30855,1250000
251,セレビィ,Celebi,100,100,100,100,100,100,600,エスパー,くさ,しぜんかいふく,,,0.6,5.0/f,45,不明,270,100,HP+3,未発見,30855,1060000
252,キモリ,Treecko,40,45,35,65,55,70,310,くさ,,しんりょく,,かるわざ,0.5,5.0/f,45,7:01,62,70,素早+1,"怪獣
 ドラゴン",5355,1060000
253,ジュプトル,Grovyle,50,65,45,85,65,95,405,くさ,,しんりょく,,かるわざ,0.9,21.6/e,45,7:01,142,70,素早+2,"怪獣
 ドラゴン",5355,1060000
254,ジュカイン,Sceptile,70,85,65,105,85,120,530,くさ,,しんりょく,,かるわざ,1.7,52.2/c,45,7:01,239,70,素早+3,"怪獣
 ドラゴン",5355,1060000
254-1,メガジュカイン,Mega Sceptile,70,110,75,145,85,145,630,くさ,ドラゴン,ひらいしん,,,1.9,55.2/c,45,7:01,?,70,素早+3,"怪獣
 ドラゴン",5355,1060000
255,アチャモ,Torchic,45,60,40,70,50,45,310,ほのお,,もうか,,かそく,0.4,2.5/f,45,7:01,62,70,特攻+1,陸上,5355,1060000
256,ワカシャモ,Combusken,60,85,60,85,60,55,405,ほのお,かくとう,もうか,,かそく,0.9,19.5/e,45,7:01,142,70,"攻撃+1
 特攻+1",陸上,5355,1060000
257,バシャーモ,Blaziken,80,120,70,110,70,80,530,ほのお,かくとう,もうか,,かそく,1.9,52.0/c,45,7:01,239,70,攻撃+3,陸上,5355,1060000
257-1,メガバシャーモ,Mega Blaziken,80,160,80,130,80,100,630,ほのお,かくとう,かそく,,,1.9,52.0/c,45,7:01,284,70,攻撃+3,陸上,5355,1060000
258,ミズゴロウ,Mudkip,50,70,50,50,50,40,310,みず,,げきりゅう,,しめりけ,0.4,7.6/f,45,7:01,62,70,攻撃+1,"怪獣
 水中1",5355,1060000
259,ヌマクロー,Marshtomp,70,85,70,60,70,50,405,みず,じめん,げきりゅう,,しめりけ,0.7,28.0/d,45,7:01,142,70,攻撃+2,"怪獣
 水中1",5355,1060000
260,ラグラージ,Swampert,100,110,90,85,90,60,535,みず,じめん,げきりゅう,,しめりけ,1.5,81.9/c,45,7:01,241,70,攻撃+3,"怪獣
 水中1",5355,1060000
260-1,メガラグラージ,Mega Swampert,100,150,110,95,110,70,635,みず,じめん,すいすい,,,1.9,102.0/b,45,7:01,?,70,攻撃+3,"怪獣
 水中1",5355,1060000
261,ポチエナ,Poochyena,35,55,35,30,30,35,220,あく,,にげあし, はやあし,びびり,0.5,13.6/e,255,1:01,44,70,攻撃+1,陸上,4080,1000000
262,グラエナ,Mightyena,70,90,70,60,60,70,420,あく,,いかく, はやあし,じしんかじょう,1,37.0/d,127,1:01,147,70,攻撃+2,陸上,4080,1000000
263,ジグザグマ,Zigzagoon,38,30,41,30,41,60,240,ノーマル,,ものひろい, くいしんぼう,はやあし,0.4,17.5/e,255,1:01,48,70,素早+1,陸上,4080,1000000
264,マッスグマ,Linoone,78,70,61,50,61,100,420,ノーマル,,ものひろい, くいしんぼう,はやあし,0.5,32.5/d,90,1:01,147,70,素早+2,陸上,4080,1000000
265,ケムッソ,Wurmple,45,45,35,20,30,20,195,むし,,りんぷん,,にげあし,0.3,3.6/f,255,1:01,39,70,HP+1,虫,4080,1000000
266,カラサリス,Silcoon,50,35,55,25,25,15,205,むし,,だっぴ,,だっぴ,0.6,10.0/f,120,1:01,72,70,防御+2,虫,4080,1000000
267,アゲハント,Beautifly,60,70,50,100,50,65,395,むし,ひこう,むしのしらせ,,とうそうしん,1,28.4/d,45,1:01,178,70,特攻+3,虫,4080,1000000
268,マユルド,Cascoon,50,35,55,25,25,15,205,むし,,だっぴ,,だっぴ,0.7,11.5/e,120,1:01,41,70,防御+2,虫,4080,1000000
269,ドクケイル,Dustox,60,50,70,50,90,65,385,むし,どく,りんぷん,,ふくがん,1.2,31.6/d,45,1:01,135,70,特防+3,虫,4080,1000000
270,ハスボー,Lotad,40,30,30,40,50,30,220,みず,くさ,すいすい, あめうけざら,マイペース,0.5,2.6/f,255,1:01,44,70,特防+1,"水中1
 植物",4080,1060000
271,ハスブレロ,Lombre,60,50,50,60,70,50,340,みず,くさ,すいすい, あめうけざら,マイペース,1.2,32.5/d,120,1:01,119,70,特防+2,"水中1
 植物",4080,1060000
272,ルンパッパ,Ludicolo,80,70,70,90,100,70,480,みず,くさ,すいすい, あめうけざら,マイペース,1.5,55.0/c,45,1:01,216,70,特防+3,"水中1
 植物",4080,1060000
273,タネボー,Seedot,40,40,50,30,30,30,220,くさ,,ようりょくそ, はやおき,わるいてぐせ,0.5,4.0/f,255,1:01,44,70,防御+1,"陸上
 植物",4080,1060000
274,コノハナ,Nuzleaf,70,70,40,60,40,60,340,くさ,あく,ようりょくそ, はやおき,わるいてぐせ,1,28.0/d,120,1:01,119,70,攻撃+2,"陸上
 植物",4080,1060000
275,ダーテング,Shiftry,90,100,60,90,60,80,480,くさ,あく,ようりょくそ, はやおき,わるいてぐせ,1.3,59.6/c,45,1:01,216,70,攻撃+3,"陸上
 植物",4080,1060000
276,スバメ,Taillow,40,55,30,30,30,85,270,ノーマル,ひこう,こんじょう,,きもったま,0.3,2.3/f,200,1:01,54,70,素早+1,飛行,4080,1060000
277,オオスバメ,Swellow,60,85,60,50,50,125,430,ノーマル,ひこう,こんじょう,,きもったま,0.7,19.8/e,45,1:01,151,70,素早+2,飛行,4080,1060000
278,キャモメ,Wingull,40,30,30,55,30,85,270,みず,ひこう,するどいめ,,あめうけざら,0.6,9.5/f,190,1:01,54,70,素早+1,"水中1
 飛行",5355,1000000
279,ペリッパー,Pelipper,60,50,100,85,70,65,430,みず,ひこう,するどいめ,,あめうけざら,1.2,28.0/d,45,1:01,151,70,防御+2,"水中1
 飛行",5355,1000000
280,ラルトス,Ralts,28,25,25,45,35,40,198,エスパー,フェアリー,シンクロ, トレース,テレパシー,0.4,6.6/f,235,1:01,40,35,特攻+1,不定形,5355,1250000
281,キルリア,Kirlia,38,35,35,65,55,50,278,エスパー,フェアリー,シンクロ, トレース,テレパシー,0.8,20.2/e,120,1:01,97,35,特攻+2,不定形,5355,1250000
282,サーナイト,Gardevoir,68,65,65,125,115,80,518,エスパー,フェアリー,シンクロ, トレース,テレパシー,1.6,48.4/d,45,1:01,233,35,特攻+3,不定形,5355,1250000
282-1,メガサーナイト,Mega Gardevoir,68,85,65,165,135,100,618,エスパー,フェアリー,フェアリースキン,,,1.6,48.4/d,45,1:01,278,35,特攻+3,不定形,5355,1250000
283,アメタマ,Surskit,40,30,32,50,52,65,269,むし,みず,すいすい,,あめうけざら,0.5,1.7/f,200,1:01,54,70,素早+1,"水中1
 虫",4080,1000000
284,アメモース,Masquerain,70,60,62,80,82,60,414,むし,ひこう,いかく,,きんちょうかん,0.8,3.6/f,75,1:01,145,70,"特攻+1
 特防+1","水中1
 虫",4080,1000000
285,キノココ,Shroomish,60,40,60,40,60,35,295,くさ,,ほうし, ポイズンヒール,はやあし,0.4,4.5/f,255,1:01,59,70,HP+1,"妖精
 植物",4080,1640000
286,キノガッサ,Breloom,60,130,80,60,60,70,460,くさ,かくとう,ほうし, ポイズンヒール,テクニシャン,1.2,39.2/d,90,1:01,161,70,攻撃+2,"妖精
 植物",4080,1640000
287,ナマケロ,Slakoth,60,60,60,35,35,30,280,ノーマル,,なまけ,,,0.8,24.0/e,255,1:01,56,70,HP+1,陸上,4080,1250000
288,ヤルキモノ,Vigoroth,80,80,80,55,55,90,440,ノーマル,,やるき,,,1.4,46.5/d,120,1:01,154,70,素早+2,陸上,4080,1250000
289,ケッキング,Slaking,150,160,100,95,65,100,670,ノーマル,,なまけ,,,2,130.5/b,45,1:01,252,70,HP+3,陸上,4080,1250000
290,ツチニン,Nincada,31,45,90,30,30,40,266,むし,じめん,ふくがん,,にげあし,0.5,5.5/f,255,1:01,53,70,防御+1,虫,4080,600000
291,テッカニン,Ninjask,61,90,45,50,50,160,456,むし,ひこう,かそく,,すりぬけ,0.8,12.0/e,120,1:01,160,70,素早+2,虫,4080,600000
292,ヌケニン,Shedinja,1,90,45,30,30,40,236,むし,ゴースト,ふしぎなまもり,,ふしぎなまもり,0.8,1.2/f,45,不明,83,70,HP+2,鉱物,4080,600000
293,ゴニョニョ,Whismur,64,51,23,51,23,28,240,ノーマル,,ぼうおん,,びびり,0.6,16.3/e,190,1:01,48,70,HP+1,"怪獣
 陸上",5355,1060000
294,ドゴーム,Loudred,84,71,43,71,43,48,360,ノーマル,,ぼうおん,,きもったま,1,40.5/d,120,1:01,126,70,HP+2,"怪獣
 陸上",5355,1060000
295,バクオング,Exploud,104,91,63,91,73,68,490,ノーマル,,ぼうおん,,きもったま,1.5,84.0/c,45,1:01,221,70,HP+3,"怪獣
 陸上",5355,1060000
296,マクノシタ,Makuhita,72,60,30,20,30,25,237,かくとう,,あついしぼう, こんじょう,ちからずく,1,86.4/c,180,3:01,47,70,HP+1,人型,5355,1640000
297,ハリテヤマ,Hariyama,144,120,60,40,60,50,474,かくとう,,あついしぼう, こんじょう,ちからずく,2.3,253.8/a,200,3:01,166,70,HP+2,人型,5355,1640000
298,ルリリ,Azurill,50,20,40,20,40,20,190,ノーマル,フェアリー,あついしぼう, ちからもち,そうしょく,0.2,2.0/f,150,1:03,38,70,HP+1,未発見,2805,800000
299,ノズパス,Nosepass,30,45,135,45,90,30,375,いわ,,がんじょう, じりょく,すなのちから,1,97.0/c,255,1:01,75,70,防御+1,鉱物,5355,1000000
300,エネコ,Skitty,50,45,45,35,35,50,260,ノーマル,,メロメロボディ, ノーマルスキン,ミラクルスキン,0.6,11.0/e,255,1:03,52,70,素早+1,"陸上
 妖精",4080,800000
301,エネコロロ,Delcatty,70,65,65,55,55,70,380,ノーマル,,メロメロボディ, ノーマルスキン,ミラクルスキン,1.1,32.6/d,60,1:03,133,70,"HP+1
 素早+1","陸上
 妖精",4080,800000
302,ヤミラミ,Sableye,50,75,75,65,65,50,380,あく,ゴースト,するどいめ, あとだし,いたずらごころ,0.5,11.0/e,45,1:01,133,35,"攻撃+1
 防御+1",人型,6630,1060000
302-1,メガヤミラミ,Mega Sableye,50,85,125,85,115,20,480,あく,ゴースト,マジックミラー,,,0.5,161.0/b,45,1:01,133,35,"攻撃+1
 防御+1",人型,6630,1060000
303,クチート,Mawile,50,85,85,55,55,50,380,はがね,フェアリー,かいりきバサミ, いかく,ちからずく,0.6,11.5/e,45,1:01,133,70,"攻撃+1
 防御+1","陸上
 妖精",5355,800000
303-1,メガクチート,Mega Mawile,50,105,125,55,95,50,480,はがね,フェアリー,ちからもち,,,1,23.5/e,45,1:01,168,70,"攻撃+1
 防御+1","陸上
 妖精",5355,800000
304,ココドラ,Aron,50,70,100,40,40,30,330,はがね,いわ,がんじょう, いしあたま,ヘヴィメタル,0.4,60.0/c,180,1:01,66,35,防御+1,怪獣,9180,1250000
305,コドラ,Lairon,60,90,140,50,50,40,430,はがね,いわ,がんじょう, いしあたま,ヘヴィメタル,0.9,120.0/b,90,1:01,151,35,防御+2,怪獣,9180,1250000
306,ボスゴドラ,Aggron,70,110,180,60,60,50,530,はがね,いわ,がんじょう, いしあたま,ヘヴィメタル,2.1,360.0/a,45,1:01,239,35,防御+3,怪獣,9180,1250000
306-1,メガボスゴドラ,Mega Aggron,70,140,230,60,80,50,630,はがね,,フィルター,,,2.2,395.0/a,45,1:01,284,35,防御+3,怪獣,9180,1250000
307,アサナン,Meditite,30,40,55,40,55,60,280,かくとう,エスパー,ヨガパワー,,テレパシー,0.6,11.2/e,180,1:01,56,70,素早+1,人型,5355,1000000
308,チャーレム,Medicham,60,60,75,60,75,80,410,かくとう,エスパー,ヨガパワー,,テレパシー,1.3,31.5/d,90,1:01,144,70,素早+2,人型,5355,1000000
308-1,メガチャーレム,Mega Medicham,60,100,85,80,85,100,510,かくとう,エスパー,ヨガパワー,,,1.3,31.5/d,90,1:01,179,70,素早+2,人型,5355,1000000
309,ラクライ,Electrike,40,45,40,65,40,65,295,でんき,,せいでんき, ひらいしん,マイナス,0.6,15.2/e,120,1:01,59,70,素早+1,陸上,5355,1250000
310,ライボルト,Manectric,70,75,60,105,60,105,475,でんき,,せいでんき, ひらいしん,マイナス,1.5,40.2/d,45,1:01,166,70,素早+2,陸上,5355,1250000
310-1,メガライボルト,Mega Manectric,70,75,80,135,80,135,575,でんき,,いかく,,,1.8,44.0/d,45,1:01,201,70,素早+2,陸上,5355,1250000
311,プラスル,Plusle,60,50,40,85,75,95,405,でんき,,プラス,,ひらいしん,0.4,4.2/f,200,1:01,142,70,素早+1,妖精,5355,1000000
312,マイナン,Minun,60,40,50,75,85,95,405,でんき,,マイナス,,ちくでん,0.4,4.2/f,200,1:01,142,70,素早+1,妖精,5355,1000000
313,バルビート,Volbeat,65,73,55,47,75,85,400,むし,,はっこう, むしのしらせ,いたずらごころ,0.7,17.7/e,150,♂,140,70,素早+1,"虫
 人型",4080,600000
314,イルミーゼ,Illumise,65,47,55,73,75,85,400,むし,,どんかん, いろめがね,いたずらごころ,0.6,17.7/e,150,♀,140,70,素早+1,"虫
 人型",4080,1640000
315,ロゼリア,Roselia,50,60,45,100,80,65,400,くさ,どく,しぜんかいふく, どくのトゲ,リーフガード,0.3,2.0/f,150,1:01,140,70,特攻+2,"妖精
 植物",5355,1060000
316,ゴクリン,Gulpin,70,43,53,43,53,40,302,どく,,ヘドロえき, ねんちゃく,くいしんぼう,0.4,10.3/e,225,1:01,60,70,HP+1,不定形,5355,1640000
317,マルノーム,Swalot,100,73,83,73,83,55,467,どく,,ヘドロえき, ねんちゃく,くいしんぼう,1.7,80.0/c,75,1:01,163,70,HP+2,不定形,5355,1640000
318,キバニア,Carvanha,45,90,20,65,20,65,305,みず,あく,さめはだ,,かそく,0.8,20.8/e,225,1:01,61,35,攻撃+1,水中2,5355,1250000
319,サメハダー,Sharpedo,70,120,40,95,40,95,460,みず,あく,さめはだ,,かそく,1.8,88.8/c,60,1:01,161,35,攻撃+2,水中2,5355,1250000
319-1,メガサメハダー,Mega Sharpedo,70,140,70,110,65,105,560,みず,あく,がんじょうあご,,,2.5,130.3/b,60,1:01,?,35,攻撃+2,水中2,5355,1250000
320,ホエルコ,Wailmer,130,70,35,70,35,60,400,みず,,みずのベール, どんかん,プレッシャー,2,130.0/b,125,1:01,80,70,HP+1,"陸上
 水中2",10455,1640000
321,ホエルオー,Wailord,170,90,45,90,45,60,500,みず,,みずのベール, どんかん,プレッシャー,14.5,398.0/a,60,1:01,175,70,HP+2,"陸上
 水中2",10455,1640000
322,ドンメル,Numel,60,60,40,65,45,35,305,ほのお,じめん,どんかん, たんじゅん,マイペース,0.7,24.0/e,255,1:01,61,70,特攻+1,陸上,5355,1000000
323,バクーダ,Camerupt,70,100,70,105,75,40,460,ほのお,じめん,マグマのよろい, ハードロック,いかりのつぼ,1.9,220.0/a,150,1:01,161,70,"攻撃+1
 特攻+1",陸上,5355,1000000
323-1,メガバクーダ,Mega Camerupt,70,120,100,145,105,20,560,ほのお,じめん,ちからずく,,,2.5,320.5/a,150,1:01,?,70,"攻撃+1
 特攻+1",陸上,5355,1000000
324,コータス,Torkoal,70,85,140,85,70,20,470,ほのお,,しろいけむり,,シェルアーマー,0.5,80.4/c,90,1:01,165,70,防御+2,陸上,5355,1000000
325,バネブー,Spoink,60,25,35,70,80,60,330,エスパー,,あついしぼう, マイペース,くいしんぼう,0.7,30.6/d,255,1:01,66,70,特防+1,陸上,5355,800000
326,ブーピッグ,Grumpig,80,45,65,90,110,80,470,エスパー,,あついしぼう, マイペース,くいしんぼう,0.9,71.5/c,60,1:01,165,70,特防+2,陸上,5355,800000
327,パッチール,Spinda,60,60,60,60,60,60,360,ノーマル,,マイペース, ちどりあし,あまのじゃく,1.1,5.0/f,255,1:01,126,70,特攻+1,"陸上
 人型",4080,800000
328,ナックラー,Trapinch,45,100,45,45,45,10,290,じめん,,かいりきバサミ, ありじごく,ちからずく,0.7,15.0/e,255,1:01,58,70,攻撃+1,虫,5355,1060000
329,ビブラーバ,Vibrava,50,70,50,50,50,70,340,じめん,ドラゴン,ふゆう,,ふゆう,1.1,15.3/e,120,1:01,119,70,"攻撃+1
 素早+1",虫,5355,1060000
330,フライゴン,Flygon,80,100,80,80,80,100,520,じめん,ドラゴン,ふゆう,,ふゆう,2,82.0/c,45,1:01,234,70,"攻撃+1
 素早+2",虫,5355,1060000
331,サボネア,Cacnea,50,85,40,85,40,35,335,くさ,,すながくれ,,ちょすい,0.4,51.3/c,190,1:01,67,35,特攻+1,"植物
 人型",5355,1060000
332,ノクタス,Cacturne,70,115,60,115,60,55,475,くさ,あく,すながくれ,,ちょすい,1.3,77.4/c,60,1:01,166,35,"攻撃+1
 特攻+1","植物
 人型",5355,1060000
333,チルット,Swablu,45,40,60,40,75,50,310,ノーマル,ひこう,しぜんかいふく,,ノーてんき,0.4,1.2/f,255,1:01,62,70,特防+1,"飛行
 ドラゴン",5355,600000
334,チルタリス,Altaria,75,70,90,70,105,80,490,ドラゴン,ひこう,しぜんかいふく,,ノーてんき,1.1,20.6/e,45,1:01,172,70,特防+2,"飛行
 ドラゴン",5355,600000
334-1,メガチルタリス,Mega Altaria,75,110,110,110,105,80,590,ドラゴン,フェアリー,フェアリースキン,,,1.5,20.6/e,45,1:01,?,70,特防+2,"飛行
 ドラゴン",5355,600000
335,ザングース,Zangoose,73,115,60,60,60,90,458,ノーマル,,めんえき,,どくぼうそう,1.3,40.3/d,90,1:01,160,70,攻撃+2,陸上,5355,600000
336,ハブネーク,Seviper,73,100,60,100,60,65,458,どく,,だっぴ,,すりぬけ,2.7,52.5/c,90,1:01,160,70,"攻撃+1
 特攻+1","陸上
 ドラゴン",5355,1640000
337,ルナトーン,Lunatone,70,55,65,95,85,70,440,いわ,エスパー,ふゆう,,,1,168.0/b,45,不明,154,70,特攻+2,鉱物,6630,800000
338,ソルロック,Solrock,70,95,85,55,65,70,440,いわ,エスパー,ふゆう,,,1.2,154.0/b,45,不明,154,70,攻撃+2,鉱物,6630,800000
339,ドジョッチ,Barboach,50,48,43,46,41,60,288,みず,じめん,どんかん, きけんよち,うるおいボディ,0.4,1.9/f,190,1:01,58,70,HP+1,水中2,5355,1000000
340,ナマズン,Whiscash,110,78,73,76,71,60,468,みず,じめん,どんかん, きけんよち,うるおいボディ,0.9,23.6/e,75,1:01,164,70,HP+2,水中2,5355,1000000
341,ヘイガニ,Corphish,43,80,65,50,35,35,308,みず,,かいりきバサミ, シェルアーマー,てきおうりょく,0.6,11.5/e,205,1:01,62,70,攻撃+1,"水中1
 水中3",4080,1640000
342,シザリガー,Crawdaunt,63,120,85,90,55,55,468,みず,あく,かいりきバサミ, シェルアーマー,てきおうりょく,1.1,32.8/d,155,1:01,164,70,攻撃+2,"水中1
 水中3",4080,1640000
343,ヤジロン,Baltoy,40,40,55,40,70,55,300,じめん,エスパー,ふゆう,,,0.5,21.5/e,255,1:01,60,70,特防+1,鉱物,5355,1000000
344,ネンドール,Claydol,60,70,105,70,120,75,500,じめん,エスパー,ふゆう,,,1.5,108.0/b,90,1:01,175,70,特防+2,鉱物,5355,1000000
345,リリーラ,Lileep,66,41,77,61,87,23,355,いわ,くさ,きゅうばん,,よびみず,1,23.8/e,45,7:01,71,70,特防+1,水中3,7905,600000
346,ユレイドル,Cradily,86,81,97,81,107,43,495,いわ,くさ,きゅうばん,,よびみず,1.5,60.4/c,45,7:01,173,70,特防+2,水中3,7905,600000
347,アノプス,Anorith,45,95,50,40,50,75,355,いわ,むし,カブトアーマー,,すいすい,0.7,12.5/e,45,7:01,71,70,攻撃+1,水中3,7905,600000
348,アーマルド,Armaldo,75,125,100,70,80,45,495,いわ,むし,カブトアーマー,,すいすい,1.5,68.2/c,45,7:01,173,70,攻撃+2,水中3,7905,600000
349,ヒンバス,Feebas,20,15,20,10,55,80,200,みず,,すいすい, どんかん,てきおうりょく,0.6,7.4/f,255,1:01,40,70,素早+1,"水中1
 ドラゴン",5355,600000
350,ミロカロス,Milotic,95,60,79,100,125,81,540,みず,,ふしぎなうろこ, かちき,メロメロボディ,6.2,162.0/b,60,1:01,189,70,特防+2,"水中1
 ドラゴン",5355,600000
351,ポワルン,Castform,70,70,70,70,70,70,420,ノーマル,,てんきや,,,0.3,0.8/f,45,1:01,147,70,HP+1,"妖精
 不定形",6630,1000000
352,カクレオン,Kecleon,60,90,70,60,120,40,440,ノーマル,,へんしょく,,へんげんじざい,1,22.0/e,200,1:01,154,70,特防+1,陸上,5355,1060000
353,カゲボウズ,Shuppet,44,75,35,63,33,45,295,ゴースト,,ふみん, おみとおし,のろわれボディ,0.6,2.3/f,225,1:01,59,35,攻撃+1,不定形,6630,800000
354,ジュペッタ,Banette,64,115,65,83,63,65,455,ゴースト,,ふみん, おみとおし,のろわれボディ,1.1,12.5/e,45,1:01,159,35,攻撃+2,不定形,6630,800000
354-1,メガジュペッタ,Mega Banette,64,165,75,93,83,75,555,ゴースト,,いたずらごころ,,,1.2,13.0/e,45,1:01,194,35,攻撃+2,不定形,6630,800000
355,ヨマワル,Duskull,20,40,90,30,90,25,295,ゴースト,,ふゆう,,おみとおし,0.8,15.0/e,190,1:01,59,35,特防+1,不定形,6630,800000
356,サマヨール,Dusclops,40,70,130,60,130,25,455,ゴースト,,プレッシャー,,おみとおし,1.6,30.6/d,90,1:01,159,35,"防御+1
 特防+1",不定形,6630,800000
357,トロピウス,Tropius,99,68,83,72,87,51,460,くさ,ひこう,ようりょくそ, サンパワー,しゅうかく,2,100.0/c,200,1:01,161,70,HP+2,"怪獣
 植物",6630,1250000
358,チリーン,Chimecho,65,50,70,95,80,65,425,エスパー,,ふゆう,,,0.6,1.0/f,45,1:01,149,70,"特攻+1
 特防+1",不定形,6630,800000
359,アブソル,Absol,65,130,60,75,60,75,465,あく,,プレッシャー, きょううん,せいぎのこころ,1.2,47.0/d,30,1:01,163,35,攻撃+2,陸上,6630,1060000
359-1,メガアブソル,Mega Absol,65,150,60,115,60,115,565,あく,,マジックミラー,,,1.2,49.0/d,30,1:01,198,35,攻撃+2,陸上,6630,1060000
360,ソーナノ,Wynaut,95,23,48,23,48,23,260,エスパー,,かげふみ,,テレパシー,0.6,14.0/e,125,1:01,52,70,HP+1,未発見,5355,1000000
361,ユキワラシ,Snorunt,50,50,50,50,50,50,300,こおり,,せいしんりょく, アイスボディ,ムラっけ,0.7,16.8/e,190,1:01,60,70,HP+1,"妖精
 鉱物",5355,1000000
362,オニゴーリ,Glalie,80,80,80,80,80,80,480,こおり,,せいしんりょく, アイスボディ,ムラっけ,1.5,256.5/a,75,1:01,168,70,HP+2,"妖精
 鉱物",5355,1000000
362-1,メガオニゴーリ,Mega Glalie,80,120,80,120,80,100,580,こおり,,フリーズスキン,,,2.1,350.2/a,75,1:01,?,70,HP+2,"妖精
 鉱物",5355,1000000
363,タマザラシ,Spheal,70,40,50,55,50,25,290,こおり,みず,あついしぼう, アイスボディ,どんかん,0.8,39.5/d,255,1:01,58,70,HP+1,"水中1
 陸上",5355,1060000
364,トドグラー,Sealeo,90,60,70,75,70,45,410,こおり,みず,あついしぼう, アイスボディ,どんかん,1.1,87.6/c,120,1:01,144,70,HP+2,"水中1
 陸上",5355,1060000
365,トドゼルガ,Walrein,110,80,90,95,90,65,530,こおり,みず,あついしぼう, アイスボディ,どんかん,1.4,150.6/b,45,1:01,239,70,HP+3,"水中1
 陸上",5355,1060000
366,パールル,Clamperl,35,64,85,74,55,32,345,みず,,シェルアーマー,,びびり,0.4,52.5/c,255,1:01,69,70,防御+1,水中1,5355,600000
367,ハンテール,Huntail,55,104,105,94,75,52,485,みず,,すいすい,,みずのベール,1.7,27.0/d,60,1:01,170,70,"攻撃+1
 防御+1",水中1,5355,600000
368,サクラビス,Gorebyss,55,84,105,114,75,52,485,みず,,すいすい,,うるおいボディ,1.8,22.6/e,60,1:01,170,70,特攻+2,水中1,5355,600000
369,ジーランス,Relicanth,100,90,130,45,65,55,485,みず,いわ,すいすい, いしあたま,がんじょう,1,23.4/e,25,7:01,170,70,"HP+1
 防御+1","水中1
 水中2",10455,1250000
370,ラブカス,Luvdisc,43,30,55,40,65,97,330,みず,,すいすい,,うるおいボディ,0.6,8.7/f,225,1:03,116,70,素早+1,水中2,5355,800000
371,タツベイ,Bagon,45,75,60,40,30,50,300,ドラゴン,,いしあたま,,ちからずく,0.6,42.1/d,45,1:01,60,35,攻撃+1,ドラゴン,10455,1250000
372,コモルー,Shelgon,65,95,100,60,50,50,420,ドラゴン,,いしあたま,,ぼうじん,1.1,110.5/b,45,1:01,147,35,防御+2,ドラゴン,10455,1250000
373,ボーマンダ,Salamence,95,135,80,110,80,100,600,ドラゴン,ひこう,いかく,,じしんかじょう,1.5,102.6/b,45,1:01,270,35,攻撃+3,ドラゴン,10455,1250000
373-1,メガボーマンダ,Mega Salamence,95,145,130,120,90,120,700,ドラゴン,ひこう,スカイスキン,,,1.8,112.6/b,45,1:01,?,35,攻撃+3,ドラゴン,10455,1250000
374,ダンバル,Beldum,40,55,80,35,60,30,300,はがね,エスパー,クリアボディ,,ライトメタル,0.6,95.2/c,3,不明,60,35,防御+1,鉱物,10455,1250000
375,メタング,Metang,60,75,100,55,80,50,420,はがね,エスパー,クリアボディ,,ライトメタル,1.2,202.5/a,3,不明,147,35,防御+2,鉱物,10455,1250000
376,メタグロス,Metagross,80,135,130,95,90,70,600,はがね,エスパー,クリアボディ,,ライトメタル,1.6,550.0/a,3,不明,270,35,防御+3,鉱物,10455,1250000
376-1,メガメタグロス,Mega Metagross,80,145,150,105,110,110,700,はがね,エスパー,かたいツメ,,,2.5,942.9/a,3,不明,?,35,防御+3,鉱物,10455,1250000
377,レジロック,Regirock,80,100,200,50,100,50,580,いわ,,クリアボディ,,がんじょう,1.7,230.0/a,3,不明,261,35,防御+3,未発見,20655,1250000
378,レジアイス,Regice,80,50,100,100,200,50,580,こおり,,クリアボディ,,アイスボディ,1.8,175.0/b,3,不明,261,35,特防+3,未発見,20655,1250000
379,レジスチル,Registeel,80,75,150,75,150,50,580,はがね,,クリアボディ,,ライトメタル,1.9,205.0/a,3,不明,261,35,"防御+2
 特防+1",未発見,20655,1250000
380,ラティアス,Latias,80,80,90,110,130,110,600,ドラゴン,エスパー,ふゆう,,,1.4,40.0/d,3,♀,270,90,特防+3,未発見,30855,1250000
380-1,メガラティアス,Mega Latias,80,100,120,140,150,110,700,ドラゴン,エスパー,ふゆう,,,1.8,52.0/c,3,♀,315,90,特防+3,未発見,30855,1250000
381,ラティオス,Latios,80,90,80,130,110,110,600,ドラゴン,エスパー,ふゆう,,,2,60.0/c,3,♂,270,90,特攻+3,未発見,30855,1250000
381-1,メガラティオス,Mega Latios,80,130,100,160,120,110,700,ドラゴン,エスパー,ふゆう,,,2.3,70.0/c,3,♂,315,90,特攻+3,未発見,30855,1250000
382,カイオーガ,Kyogre,100,100,90,150,140,90,670,みず,,あめふらし,,,4.5,352.0/a,5,不明,302,0,特攻+3,未発見,30855,1250000
382-1,ゲンシカイオーガ,Primal Kyogre,100,150,90,180,160,90,770,みず,,はじまりのうみ,,,9.8,430.0/a,5,不明,?,0,特攻+3,未発見,30855,1250000
383,グラードン,Groudon,100,150,140,100,90,90,670,じめん,,ひでり,,,3.5,950.0/a,5,不明,302,0,攻撃+3,未発見,30855,1250000
383-1,ゲンシグラードン,Primal Groudon,100,180,160,150,90,90,770,じめん,ほのお,おわりのだいち,,,5,999.7/a,5,不明,?,0,攻撃+3,未発見,30855,1250000
384,レックウザ,Rayquaza,105,150,90,150,90,95,680,ドラゴン,ひこう,エアロック,,,7,206.5/a,3,不明,306,0,"攻撃+2
 特攻+1",未発見,30855,1250000
384-1,メガレックウザ,Mega Rayquaza,105,180,100,180,100,115,780,ドラゴン,ひこう,デルタストリーム,,,10.8,392.0/a,3,不明,?,0,"攻撃+2
 特攻+1",未発見,30855,1250000
385,ジラーチ,Jirachi,100,100,100,100,100,100,600,はがね,エスパー,てんのめぐみ,,,0.3,1.1/f,3,不明,270,100,HP+3,未発見,30855,1250000
386,デオキシスN,Deoxys Normal,50,150,50,150,50,150,600,エスパー,,プレッシャー,,,1.7,60.8/c,3,不明,270,0,"攻撃+1
 特攻+1
 素早+1",未発見,30855,1250000
386-1,デオキシスA,Deoxys Attack,50,180,20,180,20,150,600,エスパー,,プレッシャー,,,1.7,60.8/c,3,不明,270,0,"攻撃+2
 特攻+1",未発見,30855,1250000
386-2,デオキシスD,Deoxys Defense,50,70,160,70,160,90,600,エスパー,,プレッシャー,,,1.7,60.8/c,3,不明,270,0,"防御+2
 特防+1",未発見,30855,1250000
386-3,デオキシスS,Deoxys Speed,50,95,90,95,90,180,600,エスパー,,プレッシャー,,,1.7,60.8/c,3,不明,270,0,素早+3,未発見,30855,1250000
387,ナエトル,Turtwig,55,68,64,45,55,31,318,くさ,,しんりょく,,シェルアーマー,0.4,10.2/e,45,7:01,64,70,攻撃+1,"怪獣
 植物",5355,1060000
388,ハヤシガメ,Grotle,75,89,85,55,65,36,405,くさ,,しんりょく,,シェルアーマー,1.1,97.0/c,45,7:01,142,70,"攻撃+1
 防御+1","怪獣
 植物",5355,1060000
389,ドダイトス,Torterra,95,109,105,75,85,56,525,くさ,じめん,しんりょく,,シェルアーマー,2.2,310.0/a,45,7:01,236,70,"攻撃+2
 防御+1","怪獣
 植物",5355,1060000
390,ヒコザル,Chimchar,44,58,44,58,44,61,309,ほのお,,もうか,,てつのこぶし,0.5,6.2/f,45,7:01,62,70,素早+1,"陸上
 人型",5355,1060000
391,モウカザル,Monferno,64,78,52,78,52,81,405,ほのお,かくとう,もうか,,てつのこぶし,0.9,22.0/e,45,7:01,142,70,"特攻+1
 素早+1","陸上
 人型",5355,1060000
392,ゴウカザル,Infernape,76,104,71,104,71,108,534,ほのお,かくとう,もうか,,てつのこぶし,1.2,55.0/c,45,7:01,240,70,"攻撃+1
 特攻+1
 素早+1","陸上
 人型",5355,1060000
393,ポッチャマ,Piplup,53,51,53,61,56,40,314,みず,,げきりゅう,,まけんき,0.4,5.2/f,45,7:01,63,70,特攻+1,"水中1
 陸上",5355,1060000
394,ポッタイシ,Prinplup,64,66,68,81,76,50,405,みず,,げきりゅう,,まけんき,0.8,23.0/e,45,7:01,142,70,特攻+2,"水中1
 陸上",5355,1060000
395,エンペルト,Empoleon,84,86,88,111,101,60,530,みず,はがね,げきりゅう,,まけんき,1.7,84.5/c,45,7:01,239,70,特攻+3,"水中1
 陸上",5355,1060000
396,ムックル,Starly,40,55,30,30,30,60,245,ノーマル,ひこう,するどいめ,,すてみ,0.3,2.0/f,255,1:01,49,70,素早+1,飛行,4080,1060000
397,ムクバード,Staravia,55,75,50,40,40,80,340,ノーマル,ひこう,いかく,,すてみ,0.6,15.5/e,120,1:01,119,70,素早+2,飛行,4080,1060000
398,ムクホーク,Staraptor,85,120,70,50,60,100,485,ノーマル,ひこう,いかく,,すてみ,1.2,24.9/e,45,1:01,218,70,攻撃+3,飛行,4080,1060000
399,ビッパ,Bidoof,59,45,40,35,40,31,250,ノーマル,,たんじゅん, てんねん,ムラっけ,0.5,20.0/e,255,1:01,50,70,HP+1,"水中1
 陸上",4080,1000000
400,ビーダル,Bibarel,79,85,60,55,60,71,410,ノーマル,みず,たんじゅん, てんねん,ムラっけ,1,31.5/d,127,1:01,144,70,攻撃+2,"水中1
 陸上",4080,1000000
401,コロボーシ,Kricketot,37,25,41,25,41,25,194,むし,,だっぴ,,にげあし,0.3,2.2/f,255,1:01,39,70,防御+1,虫,4080,1060000
402,コロトック,Kricketune,77,85,51,55,51,65,384,むし,,むしのしらせ,,テクニシャン,1,25.5/d,45,1:01,134,70,攻撃+2,虫,4080,1060000
403,コリンク,Shinx,45,65,34,40,34,45,263,でんき,,とうそうしん, いかく,こんじょう,0.5,9.5/f,235,1:01,53,70,攻撃+1,陸上,5355,1060000
404,ルクシオ,Luxio,60,85,49,60,49,60,363,でんき,,とうそうしん, いかく,こんじょう,0.9,30.5/d,120,1:01,127,100,攻撃+2,陸上,5355,1060000
405,レントラー,Luxray,80,120,79,95,79,70,523,でんき,,とうそうしん, いかく,こんじょう,1.4,42.0/d,45,1:01,235,70,攻撃+3,陸上,5355,1060000
406,スボミー,Budew,40,30,35,50,70,55,280,くさ,どく,しぜんかいふく, どくのトゲ,リーフガード,0.2,1.2/f,255,1:01,56,70,特攻+1,未発見,5355,1060000
407,ロズレイド,Roserade,60,70,65,125,105,90,515,くさ,どく,しぜんかいふく, どくのトゲ,テクニシャン,0.9,14.5/e,75,1:01,232,70,特攻+3,"妖精
 植物",5355,1060000
408,ズガイドス,Cranidos,67,125,40,30,30,58,350,いわ,,かたやぶり,,ちからずく,0.9,31.5/d,45,7:01,70,70,攻撃+1,怪獣,7905,600000
409,ラムパルド,Rampardos,97,165,60,65,50,58,495,いわ,,かたやぶり,,ちからずく,1.6,102.5/b,45,7:01,173,70,攻撃+2,怪獣,7905,600000
410,タテトプス,Shieldon,30,42,118,42,88,30,350,いわ,はがね,がんじょう,,ぼうおん,0.5,57.0/c,45,7:01,70,70,防御+1,怪獣,7905,600000
411,トリデプス,Bastiodon,60,52,168,47,138,30,495,いわ,はがね,がんじょう,,ぼうおん,1.3,149.5/b,45,7:01,173,70,防御+2,怪獣,7905,600000
412,ミノムッチ,Burmy,40,29,45,29,45,36,224,むし,,だっぴ,,ぼうじん,0.2,3.4/f,120,1:01,45,70,特防+1,虫,4080,1000000
413,ミノマダム草,Wormadam Plant,60,59,85,79,105,36,424,むし,くさ,きけんよち,,ぼうじん,0.5,6.5/f,45,♀,148,70,特防+2,虫,4080,1000000
413-1,ミノマダム地,Wormadam Sandy,60,79,105,59,85,36,424,むし,じめん,きけんよち,,ぼうじん,0.5,6.5/f,45,♀,148,70,防御+2,虫,4080,1000000
413-2,ミノマダム鋼,Wormadam Trash,60,69,95,69,95,36,424,むし,はがね,きけんよち,,ぼうじん,0.5,6.5/f,45,♀,148,70,"防御+1
 特防+1",虫,4080,1000000
414,ガーメイル,Mothim,70,94,50,94,50,66,424,むし,ひこう,むしのしらせ,,いろめがね,0.9,23.3/e,45,♂,148,70,"攻撃+1
 特攻+1",虫,4080,1000000
415,ミツハニー,Combee,30,30,42,30,42,70,244,むし,ひこう,みつあつめ,,はりきり,0.3,5.5/f,120,7:01,49,70,素早+1,虫,4080,1060000
416,ビークイン,Vespiquen,70,80,102,80,102,40,474,むし,ひこう,プレッシャー,,きんちょうかん,1.2,38.5/d,45,♀,166,70,"防御+1
 特防+1",虫,4080,1060000
417,パチリス,Pachirisu,60,45,70,45,90,95,405,でんき,,にげあし, ものひろい,ちくでん,0.4,3.9/f,200,1:01,142,100,素早+1,"陸上
 妖精",2805,1000000
418,ブイゼル,Buizel,55,65,35,60,30,85,330,みず,,すいすい,,みずのベール,0.7,29.5/d,190,1:01,66,70,素早+1,"水中1
 陸上",5355,1000000
419,フローゼル,Floatzel,85,105,55,85,50,115,495,みず,,すいすい,,みずのベール,1.1,33.5/d,75,1:01,173,70,素早+2,"水中1
 陸上",5355,1000000
420,チェリンボ,Cherubi,45,35,45,62,53,35,275,くさ,,ようりょくそ,,,0.4,3.3/f,190,1:01,55,70,特攻+1,"妖精
 植物",5355,1000000
421,チェリム,Cherrim,70,60,70,87,78,85,450,くさ,,フラワーギフト,,,0.5,9.3/f,75,1:01,158,70,特攻+2,"妖精
 植物",5355,1000000
422,カラナクシ,Shellos,76,48,48,57,62,34,325,みず,,ねんちゃく, よびみず,すなのちから,0.3,6.3/f,190,1:01,65,70,HP+1,"水中1
 不定形",5355,1000000
423,トリトドン,Gastrodon,111,83,68,92,82,39,475,みず,じめん,ねんちゃく, よびみず,すなのちから,0.9,29.9/d,75,1:01,166,70,HP+2,"水中1
 不定形",5355,1000000
424,エテボース,Ambipom,75,100,66,60,66,115,482,ノーマル,,テクニシャン, ものひろい,スキルリンク,1.2,20.3/e,45,1:01,169,100,素早+2,陸上,5355,800000
425,フワンテ,Drifloon,90,50,34,60,44,70,348,ゴースト,ひこう,ゆうばく, かるわざ,ねつぼうそう,0.4,1.2/f,125,1:01,70,70,HP+1,不定形,7905,1640000
426,フワライド,Drifblim,150,80,44,90,54,80,498,ゴースト,ひこう,ゆうばく, かるわざ,ねつぼうそう,1.2,15.0/e,60,1:01,174,70,HP+2,不定形,7905,1640000
427,ミミロル,Buneary,55,66,44,44,56,85,350,ノーマル,,にげあし, ぶきよう,じゅうなん,0.4,5.5/f,190,1:01,70,0,素早+1,"陸上
 人型",5355,1000000
428,ミミロップ,Lopunny,65,76,84,54,96,105,480,ノーマル,,メロメロボディ, ぶきよう,じゅうなん,1.2,33.3/d,60,1:01,168,140,素早+2,"陸上
 人型",5355,1000000
428-1,メガミミロップ,Mega Lopunny,65,136,94,54,96,135,580,ノーマル,かくとう,きもったま,,,1.3,28.3/d,60,1:01,?,140,素早+2,"陸上
 人型",5355,1000000
429,ムウマージ,Mismagius,60,60,60,105,105,105,495,ゴースト,,ふゆう,,,0.9,4.4/f,45,1:01,173,35,"特攻+1
 特防+1",不定形,6630,800000
430,ドンカラス,Honchkrow,100,125,52,105,52,71,505,あく,ひこう,ふみん, きょううん,じしんかじょう,0.9,27.3/d,30,1:01,177,35,攻撃+2,飛行,5355,1060000
431,ニャルマー,Glameow,49,55,42,42,37,85,310,ノーマル,,じゅうなん, マイペース,するどいめ,0.5,3.9/f,190,1:07,62,70,素早+1,陸上,5355,800000
432,ブニャット,Purugly,71,82,64,64,59,112,452,ノーマル,,あついしぼう, マイペース,まけんき,1,43.8/d,75,1:07,158,70,素早+2,陸上,5355,800000
433,リーシャン,Chingling,45,30,50,65,50,45,285,エスパー,,ふゆう,,,0.2,0.6/f,120,1:01,57,70,特攻+1,未発見,6630,800000
434,スカンプー,Stunky,63,63,47,41,41,74,329,どく,あく,あくしゅう, ゆうばく,するどいめ,0.4,19.2/e,225,1:01,66,70,素早+1,陸上,5355,1000000
435,スカタンク,Skuntank,103,93,67,71,61,84,479,どく,あく,あくしゅう, ゆうばく,するどいめ,1,38.0/d,60,1:01,168,70,HP+2,陸上,5355,1000000
436,ドーミラー,Bronzor,57,24,86,24,86,23,300,はがね,エスパー,ふゆう, たいねつ,ヘヴィメタル,0.5,60.5/c,255,不明,60,70,防御+1,鉱物,5355,1000000
437,ドータクン,Bronzong,67,89,116,79,116,33,500,はがね,エスパー,ふゆう, たいねつ,ヘヴィメタル,1.3,187.0/b,90,不明,175,70,"防御+1
 特防+1",鉱物,5355,1000000
438,ウソハチ,Bonsly,50,80,95,10,45,10,290,いわ,,がんじょう, いしあたま,びびり,0.5,15.0/e,255,1:01,58,70,防御+1,未発見,5355,1000000
439,マネネ,Mime Jr.,20,25,45,70,90,60,310,エスパー,フェアリー,ぼうおん, フィルター,テクニシャン,0.6,13.0/e,145,1:01,62,70,特防+1,未発見,6630,1000000
440,ピンプク,Happiny,100,5,5,15,65,30,220,ノーマル,,しぜんかいふく, てんのめぐみ,フレンドガード,0.6,24.4/e,130,♀,110,140,HP+1,未発見,10455,800000
441,ペラップ,Chatot,76,65,45,92,42,91,411,ノーマル,ひこう,するどいめ, ちどりあし,はとむね,0.5,1.9/f,30,1:01,144,35,攻撃+1,飛行,5355,1060000
442,ミカルゲ,Spiritomb,50,92,108,92,108,35,485,ゴースト,あく,プレッシャー,,すりぬけ,1,108.0/b,100,1:01,170,70,"防御+1
 特防+1",不定形,7905,1000000
443,フカマル,Gible,58,70,45,40,45,42,300,ドラゴン,じめん,すながくれ,,さめはだ,0.7,20.5/e,45,1:01,60,70,攻撃+1,"怪獣
 ドラゴン",10455,1250000
444,ガバイト,Gabite,68,90,65,50,55,82,410,ドラゴン,じめん,すながくれ,,さめはだ,1.4,56.0/c,45,1:01,144,70,攻撃+2,"怪獣
 ドラゴン",10455,1250000
445,ガブリアス,Garchomp,108,130,95,80,85,102,600,ドラゴン,じめん,すながくれ,,さめはだ,1.9,95.0/c,45,1:01,270,70,攻撃+3,"怪獣
 ドラゴン",10455,1250000
445-1,メガガブリアス,Mega Garchomp,108,170,115,120,95,92,700,ドラゴン,じめん,すなのちから,,,1.9,95.0/c,45,1:01,315,70,攻撃+3,"怪獣
 ドラゴン",10455,1250000
446,ゴンベ,Munchlax,135,85,40,40,85,5,390,ノーマル,,ものひろい, あついしぼう,くいしんぼう,0.6,105.0/b,50,7:01,78,70,HP+1,未発見,10455,1250000
447,リオル,Riolu,40,70,40,35,40,60,285,かくとう,,ふくつのこころ, せいしんりょく,いたずらごころ,0.7,20.2/e,75,7:01,57,70,攻撃+1,未発見,6630,1060000
448,ルカリオ,Lucario,70,110,70,115,70,90,525,かくとう,はがね,ふくつのこころ, せいしんりょく,せいぎのこころ,1.2,54.0/c,45,7:01,184,70,"攻撃+1
 特攻+1","陸上
 人型",6630,1060000
448-1,メガルカリオ,Mega Lucario,70,145,88,140,70,112,625,かくとう,はがね,てきおうりょく,,,1.3,57.5/c,45,7:01,219,70,"攻撃+1
 特攻+1","陸上
 人型",6630,1060000
449,ヒポポタス,Hippopotas,68,72,78,38,42,32,330,じめん,,すなおこし,,すなのちから,0.8,49.5/d,140,1:01,66,70,防御+1,陸上,7905,1250000
450,カバルドン,Hippowdon,108,112,118,68,72,47,525,じめん,,すなおこし,,すなのちから,2,300.0/a,60,1:01,184,70,防御+2,陸上,7905,1250000
451,スコルピ,Skorupi,40,50,90,30,55,65,330,どく,むし,カブトアーマー, スナイパー,するどいめ,0.8,12.0/e,120,1:01,66,70,防御+1,"虫
 水中3",5355,1250000
452,ドラピオン,Drapion,70,90,110,60,75,95,500,どく,あく,カブトアーマー, スナイパー,するどいめ,1.3,61.5/c,45,1:01,175,70,防御+2,"虫
 水中3",5355,1250000
453,グレッグル,Croagunk,48,61,40,61,40,50,300,どく,かくとう,きけんよち, かんそうはだ,どくしゅ,0.7,23.0/e,140,1:01,60,100,攻撃+1,人型,2805,1000000
454,ドクロッグ,Toxicroak,83,106,65,86,65,85,490,どく,かくとう,きけんよち, かんそうはだ,どくしゅ,1.3,44.4/d,75,1:01,172,70,攻撃+2,人型,2805,1000000
455,マスキッパ,Carnivine,74,100,72,90,72,46,454,くさ,,ふゆう,,,1.4,27.0/d,200,1:01,159,70,攻撃+2,植物,6630,1250000
456,ケイコウオ,Finneon,49,49,56,49,61,66,330,みず,,すいすい, よびみず,みずのベール,0.4,7.0/f,190,1:01,66,70,素早+1,水中2,5355,600000
457,ネオラント,Lumineon,69,69,76,69,86,91,460,みず,,すいすい, よびみず,みずのベール,1.2,24.0/e,75,1:01,161,70,素早+2,水中2,5355,600000
458,タマンタ,Mantyke,45,20,50,60,120,50,345,みず,ひこう,すいすい, ちょすい,みずのベール,1,65.0/c,25,1:01,69,70,特防+1,未発見,6630,1250000
459,ユキカブリ,Snover,60,62,50,62,60,40,334,くさ,こおり,ゆきふらし,,ぼうおん,1,50.5/c,120,1:01,67,70,攻撃+1,"怪獣
 植物",5355,1250000
460,ユキノオー,Abomasnow,90,92,75,92,85,60,494,くさ,こおり,ゆきふらし,,ぼうおん,2.2,135.5/b,60,1:01,173,70,"攻撃+1
 特攻+1","怪獣
 植物",5355,1250000
460-1,メガユキノオー,Mega Abomasnow,90,132,105,132,105,30,594,くさ,こおり,ゆきふらし,,,2.7,185.0/b,60,1:01,208,70,"攻撃+1
 特攻+1","怪獣
 植物",5355,1250000
461,マニューラ,Weavile,70,120,65,45,85,125,510,あく,こおり,プレッシャー,,わるいてぐせ,1.1,34.0/d,45,1:01,179,35,"攻撃+1
 素早+1",陸上,5355,1060000
462,ジバコイル,Magnezone,70,70,115,130,90,60,535,でんき,はがね,じりょく, がんじょう,アナライズ,1.2,180.0/b,30,不明,241,70,特攻+3,鉱物,5355,1000000
463,ベロベルト,Lickilicky,110,85,95,80,95,50,515,ノーマル,,マイペース, どんかん,ノーてんき,1.7,140.0/b,30,1:01,180,70,HP+3,怪獣,5355,1000000
464,ドサイドン,Rhyperior,115,140,130,55,55,40,535,じめん,いわ,ひらいしん, ハードロック,すてみ,2.4,282.8/a,30,1:01,241,70,攻撃+3,"怪獣
 陸上",5355,1250000
465,モジャンボ,Tangrowth,100,100,125,110,50,50,535,くさ,,ようりょくそ, リーフガード,さいせいりょく,2,128.6/b,30,1:01,187,70,防御+2,植物,5355,1000000
466,エレキブル,Electivire,75,123,67,95,85,95,540,でんき,,でんきエンジン,,やるき,1.8,138.6/b,30,3:01,243,70,攻撃+3,人型,6630,1000000
467,ブーバーン,Magmortar,75,95,67,125,95,83,540,ほのお,,ほのおのからだ,,やるき,1.6,68.0/c,30,3:01,243,70,特攻+3,人型,6630,1000000
468,トゲキッス,Togekiss,85,50,95,120,115,80,545,フェアリー,ひこう,はりきり, てんのめぐみ,きょううん,1.5,38.0/d,30,7:01,245,70,"特攻+2
 特防+1","飛行
 妖精",2805,800000
469,メガヤンマ,Yanmega,86,76,86,116,56,95,515,むし,ひこう,かそく, いろめがね,おみとおし,1.9,51.5/c,30,1:01,180,70,攻撃+2,虫,5355,1000000
470,リーフィア,Leafeon,65,110,130,60,65,95,525,くさ,,リーフガード,,ようりょくそ,1,25.5/d,45,7:01,184,35,防御+2,陸上,9180,1000000
471,グレイシア,Glaceon,65,60,110,130,95,65,525,こおり,,ゆきがくれ,,アイスボディ,0.8,25.9/d,45,7:01,184,35,特攻+2,陸上,9180,1000000
472,グライオン,Gliscor,75,95,125,45,75,95,510,じめん,ひこう,かいりきバサミ, すながくれ,ポイズンヒール,2,42.5/d,30,1:01,179,70,防御+2,虫,5355,1060000
473,マンムー,Mamoswine,110,130,80,70,60,80,530,こおり,じめん,どんかん, ゆきがくれ,あついしぼう,2.5,291.0/a,50,1:01,239,70,攻撃+3,陸上,5355,1250000
474,ポリゴンＺ,Porygon-Z,85,80,70,135,75,90,535,ノーマル,,てきおうりょく, ダウンロード,アナライズ,0.9,34.0/d,30,1:01,241,70,特攻+3,鉱物,5355,1000000
475,エルレイド,Gallade,68,125,65,65,115,80,518,エスパー,かくとう,ふくつのこころ,,せいぎのこころ,1.6,52.0/c,45,♂,233,35,攻撃+3,不定形,5355,1250000
475-1,メガエルレイド,Mega Gallade,68,165,95,65,115,110,618,エスパー,かくとう,せいしんりょく,,,1.6,56.4/c,45,♂,?,35,攻撃+3,不定形,5355,1250000
476,ダイノーズ,Probopass,60,55,145,75,150,40,525,いわ,はがね,がんじょう, じりょく,すなのちから,1.4,340.0/a,60,1:01,184,70,"防御+1
 特防+2",鉱物,5355,1000000
477,ヨノワール,Dusknoir,45,100,135,65,135,45,525,ゴースト,,プレッシャー,,おみとおし,2.2,106.6/b,45,1:01,236,35,"防御+1
 特防+2",不定形,6630,800000
478,ユキメノコ,Froslass,70,80,70,80,70,110,480,こおり,ゴースト,ゆきがくれ,,のろわれボディ,1.3,26.6/d,75,♀,168,70,素早+2,"妖精
 鉱物",5355,1000000
479,ロトム,Rotom,50,50,77,95,77,91,440,でんき,ゴースト,ふゆう,,,0.3,0.3/f,45,不明,154,70,"特攻+1
 素早+1",不定形,5355,1000000
479-1,ロトム炎,Heat Rotom,50,65,107,105,107,86,520,でんき,ほのお,ふゆう,,,0.3,0.3/f,45,不明,182,70,"特攻+1
 素早+1",不定形,5355,1000000
479-2,ロトム水,Wash Rotom,50,65,107,105,107,86,520,でんき,みず,ふゆう,,,0.3,0.3/f,45,不明,182,70,"特攻+1
 素早+1",不定形,5355,1000000
479-3,ロトム氷,Frost Rotom,50,65,107,105,107,86,520,でんき,こおり,ふゆう,,,0.3,0.3/f,45,不明,182,70,"特攻+1
 素早+1",不定形,5355,1000000
479-4,ロトム飛,Fan Rotom,50,65,107,105,107,86,520,でんき,ひこう,ふゆう,,,0.3,0.3/f,45,不明,182,70,"特攻+1
 素早+1",不定形,5355,1000000
479-5,ロトム草,Mow Rotom,50,65,107,105,107,86,520,でんき,くさ,ふゆう,,,0.3,0.3/f,45,不明,182,70,"特攻+1
 素早+1",不定形,5355,1000000
480,ユクシー,Uxie,75,75,130,75,130,95,580,エスパー,,ふゆう,,,0.3,0.3/f,3,不明,261,140,"防御+2
 特防+1",未発見,20655,1250000
481,エムリット,Mesprit,80,105,105,105,105,80,580,エスパー,,ふゆう,,,0.3,0.3/f,3,不明,261,140,"攻撃+1
 特攻+1
 特防+1",未発見,20655,1250000
482,アグノム,Azelf,75,125,70,125,70,115,580,エスパー,,ふゆう,,,0.3,0.3/f,3,不明,261,140,"攻撃+2
 特攻+1",未発見,20655,1250000
483,ディアルガ,Dialga,100,120,120,150,100,90,680,はがね,ドラゴン,プレッシャー,,テレパシー,5.4,683.0/a,30,不明,306,0,特攻+3,未発見,30855,1250000
484,パルキア,Palkia,90,120,100,150,120,100,680,みず,ドラゴン,プレッシャー,,テレパシー,4.2,336.0/a,30,不明,306,0,特攻+3,未発見,30855,1250000
485,ヒードラン,Heatran,91,90,106,130,106,77,600,ほのお,はがね,もらいび,,ほのおのからだ,1.7,430.0/a,3,1:01,270,100,特攻+3,未発見,2805,1250000
486,レジギガス,Regigigas,110,160,110,80,110,100,670,ノーマル,,スロースタート,,,3.7,420.0/a,3,不明,302,0,攻撃+3,未発見,30855,1250000
487,ギラティナA,Giratina Altered,150,100,120,100,120,90,680,ゴースト,ドラゴン,プレッシャー,,テレパシー,4.5,750.0/a,3,不明,306,0,HP+3,未発見,30855,1250000
487-1,ギラティナO,Giratina Origin,150,120,100,120,100,90,680,ゴースト,ドラゴン,ふゆう,,,6.9,650.0/a,3,不明,306,0,HP+3,未発見,30855,1250000
488,クレセリア,Cresselia,120,70,120,75,130,85,600,エスパー,,ふゆう,,,1.5,85.6/c,3,♀,270,100,特防+3,未発見,30855,1250000
489,フィオネ,Phione,80,80,80,80,80,80,480,みず,,うるおいボディ,,,0.4,3.1/f,30,不明,216,70,HP+1,"水中1
 妖精",10455,1250000
490,マナフィ,Manaphy,100,100,100,100,100,100,600,みず,,うるおいボディ,,,0.3,1.4/f,3,不明,270,70,HP+3,"水中1
 妖精",2805,1250000
491,ダークライ,Darkrai,70,90,90,135,90,125,600,あく,,ナイトメア,,,1.5,50.5/c,3,不明,270,0,"特攻+2
 素早+1",未発見,30855,1250000
492,シェイミL,Shaymin Land,100,100,100,100,100,100,600,くさ,,しぜんかいふく,,,0.2,2.1/f,45,不明,270,100,HP+3,未発見,30855,1060000
492-1,シェイミS,Shaymin Sky,100,103,75,120,75,127,600,くさ,ひこう,てんのめぐみ,,,0.4,5.2/f,45,不明,270,100,素早+3,未発見,30855,1060000
493,アルセウス,Arceus,120,120,120,120,120,120,720,ノーマル,,マルチタイプ,,,3.2,320.0/a,3,不明,324,0,HP+3,未発見,30855,1250000
494,ビクティニ,Victini,100,100,100,100,100,100,600,エスパー,ほのお,しょうりのほし,,,0.4,4.0/f,3,不明,270,100,HP+3,未発見,30855,1250000
495,ツタージャ,Snivy,45,45,55,45,55,63,308,くさ,,しんりょく,,あまのじゃく,0.6,8.1/f,45,7:01,62,70,素早+1,"陸上
 植物",5355,1060000
496,ジャノビー,Servine,60,60,75,60,75,83,413,くさ,,しんりょく,,あまのじゃく,0.8,16.0/e,45,7:01,145,70,素早+2,"陸上
 植物",5355,1060000
497,ジャローダ,Serperior,75,75,95,75,95,113,528,くさ,,しんりょく,,あまのじゃく,3.3,63.0/c,45,7:01,238,70,素早+3,"陸上
 植物",5355,1060000
498,ポカブ,Tepig,65,63,45,45,45,45,308,ほのお,,もうか,,あついしぼう,0.5,9.9/f,45,7:01,62,70,HP+1,陸上,5355,1060000
499,チャオブー,Pignite,90,93,55,70,55,55,418,ほのお,かくとう,もうか,,あついしぼう,1,55.5/c,45,7:01,146,70,攻撃+2,陸上,5355,1060000
500,エンブオー,Emboar,110,123,65,100,65,65,528,ほのお,かくとう,もうか,,すてみ,1.6,150.0/b,45,7:01,238,70,攻撃+3,陸上,5355,1060000
501,ミジュマル,Oshawott,55,55,45,63,45,45,308,みず,,げきりゅう,,シェルアーマー,0.5,5.9/f,45,7:01,62,70,特攻+1,陸上,5355,1060000
502,フタチマル,Dewott,75,75,60,83,60,60,413,みず,,げきりゅう,,シェルアーマー,0.8,24.5/e,45,7:01,145,70,特攻+2,陸上,5355,1060000
503,ダイケンキ,Samurott,95,100,85,108,70,70,528,みず,,げきりゅう,,シェルアーマー,1.5,94.6/c,45,7:01,238,70,特攻+3,陸上,5355,1060000
504,ミネズミ,Patrat,45,55,39,35,39,42,255,ノーマル,,にげあし, するどいめ,アナライズ,0.5,11.6/e,255,1:01,51,70,攻撃+1,陸上,4080,1000000
505,ミルホッグ,Watchog,60,85,69,60,69,77,420,ノーマル,,はっこう, するどいめ,アナライズ,1.1,27.0/d,255,1:01,147,70,攻撃+2,陸上,4080,1000000
506,ヨーテリー,Lillipup,45,60,45,25,45,55,275,ノーマル,,やるき, ものひろい,にげあし,0.4,4.1/f,255,1:01,55,70,攻撃+1,陸上,4080,1060000
507,ハーデリア,Herdier,65,80,65,35,65,60,370,ノーマル,,いかく, すなかき,きもったま,0.9,14.7/e,120,1:01,130,70,攻撃+2,陸上,4080,1060000
508,ムーランド,Stoutland,85,110,90,45,90,80,500,ノーマル,,いかく, すなかき,きもったま,1.2,61.0/c,45,1:01,225,70,攻撃+3,陸上,4080,1060000
509,チョロネコ,Purrloin,41,50,37,50,37,66,281,あく,,じゅうなん, かるわざ,いたずらごころ,0.4,10.1/e,255,1:01,56,70,素早+1,陸上,5355,1000000
510,レパルダス,Liepard,64,88,50,88,50,106,446,あく,,じゅうなん, かるわざ,いたずらごころ,1.1,37.5/d,90,1:01,156,70,素早+2,陸上,5355,1000000
511,ヤナップ,Pansage,50,53,48,53,48,64,316,くさ,,くいしんぼう,,しんりょく,0.6,10.5/e,190,7:01,63,70,素早+1,陸上,5355,1000000
512,ヤナッキー,Simisage,75,98,63,98,63,101,498,くさ,,くいしんぼう,,しんりょく,1.1,30.5/d,75,7:01,174,70,素早+2,陸上,5355,1000000
513,バオップ,Pansear,50,53,48,53,48,64,316,ほのお,,くいしんぼう,,もうか,0.6,11.0/e,190,7:01,63,70,素早+1,陸上,5355,1000000
514,バオッキー,Simisear,75,98,63,98,63,101,498,ほのお,,くいしんぼう,,もうか,1,28.0/d,75,7:01,174,70,素早+2,陸上,5355,1000000
515,ヒヤップ,Panpour,50,53,48,53,48,64,316,みず,,くいしんぼう,,げきりゅう,0.6,13.5/e,190,7:01,63,70,素早+1,陸上,5355,1000000
516,ヒヤッキー,Simipour,75,98,63,98,63,101,498,みず,,くいしんぼう,,げきりゅう,1,29.0/d,75,7:01,174,70,素早+2,陸上,5355,1000000
517,ムンナ,Munna,76,25,45,67,55,24,292,エスパー,,よちむ, シンクロ,テレパシー,0.6,23.3/e,190,1:01,58,70,HP+1,陸上,2805,800000
518,ムシャーナ,Musharna,116,55,85,107,95,29,487,エスパー,,よちむ, シンクロ,テレパシー,1.1,60.5/c,75,1:01,170,70,HP+2,陸上,2805,800000
519,マメパト,Pidove,50,55,50,36,30,43,264,ノーマル,ひこう,はとむね, きょううん,とうそうしん,0.3,2.1/f,255,1:01,53,70,攻撃+1,飛行,4080,1060000
520,ハトーボー,Tranquill,62,77,62,50,42,65,358,ノーマル,ひこう,はとむね, きょううん,とうそうしん,0.6,15.0/e,120,1:01,125,70,攻撃+2,飛行,4080,1060000
521,ケンホロウ,Unfezant,80,115,80,65,55,93,488,ノーマル,ひこう,はとむね, きょううん,とうそうしん,1.2,29.0/d,45,1:01,220,70,攻撃+3,飛行,4080,1060000
522,シママ,Blitzle,45,60,32,50,32,76,295,でんき,,ひらいしん, でんきエンジン,そうしょく,0.8,29.8/d,190,1:01,59,70,素早+1,陸上,5355,1000000
523,ゼブライカ,Zebstrika,75,100,63,80,63,116,497,でんき,,ひらいしん, でんきエンジン,そうしょく,1.6,79.5/c,75,1:01,174,70,素早+2,陸上,5355,1000000
524,ダンゴロ,Roggenrola,55,75,85,25,25,15,280,いわ,,がんじょう,,すなのちから,0.4,18.0/e,255,1:01,56,70,防御+1,鉱物,4080,1060000
525,ガントル,Boldore,70,105,105,50,40,20,390,いわ,,がんじょう,,すなのちから,0.9,102.0/b,120,1:01,137,70,"攻撃+1
 防御+1",鉱物,4080,1060000
526,ギガイアス,Gigalith,85,135,130,60,80,25,515,いわ,,がんじょう,,すなのちから,1.7,260.0/a,45,1:01,232,70,攻撃+3,鉱物,4080,1060000
527,コロモリ,Woobat,55,45,43,55,43,72,313,エスパー,ひこう,てんねん, ぶきよう,たんじゅん,0.4,2.1/f,190,1:01,63,70,素早+1,"陸上
 飛行",4080,1000000
528,ココロモリ,Swoobat,67,57,55,77,55,114,425,エスパー,ひこう,てんねん, ぶきよう,たんじゅん,0.9,10.5/e,45,1:01,149,70,素早+2,"陸上
 飛行",4080,1000000
529,モグリュー,Drilbur,60,85,40,30,45,68,328,じめん,,すなかき, すなのちから,かたやぶり,0.3,8.5/f,120,1:01,66,70,攻撃+1,陸上,5355,1000000
530,ドリュウズ,Excadrill,110,135,60,50,65,88,508,じめん,はがね,すなかき, すなのちから,かたやぶり,0.7,40.4/d,60,1:01,178,70,攻撃+2,陸上,5355,1000000
531,タブンネ,Audino,103,60,86,60,86,50,445,ノーマル,,いやしのこころ, さいせいりょく,ぶきよう,1.1,31.0/d,255,1:01,390,70,HP+2,妖精,5355,800000
531-1,メガタブンネ,Mega Audino,103,60,126,80,126,50,545,ノーマル,フェアリー,いやしのこころ,,,1.5,32.0/d,255,1:01,?,70,HP+2,妖精,5355,800000
532,ドッコラー,Timburr,75,80,55,25,35,35,305,かくとう,,こんじょう, ちからずく,てつのこぶし,0.6,12.5/e,180,7:01,61,70,攻撃+1,人型,5355,1060000
533,ドテッコツ,Gurdurr,85,105,85,40,50,40,405,かくとう,,こんじょう, ちからずく,てつのこぶし,1.2,40.0/d,90,7:01,142,70,攻撃+2,人型,5355,1060000
534,ローブシン,Conkeldurr,105,140,95,55,65,45,505,かくとう,,こんじょう, ちからずく,てつのこぶし,1.4,87.0/c,45,7:01,227,70,攻撃+3,人型,5355,1060000
535,オタマロ,Tympole,50,50,40,50,40,64,294,みず,,すいすい, うるおいボディ,ちょすい,0.5,4.5/f,255,1:01,59,70,素早+1,水中1,5355,1060000
536,ガマガル,Palpitoad,75,65,55,65,55,69,384,みず,じめん,すいすい, うるおいボディ,ちょすい,0.8,17.0/e,120,1:01,134,70,HP+2,水中1,5355,1060000
537,ガマゲロゲ,Seismitoad,105,95,75,85,75,74,509,みず,じめん,すいすい, どくしゅ,ちょすい,1.5,62.0/c,45,1:01,229,70,HP+3,水中1,5355,1060000
538,ナゲキ,Throh,120,100,85,30,85,45,465,かくとう,,こんじょう, せいしんりょく,かたやぶり,1.3,55.5/c,45,♂,163,70,HP+2,人型,5355,1000000
539,ダゲキ,Sawk,75,125,75,30,75,85,465,かくとう,,がんじょう, せいしんりょく,かたやぶり,1.4,51.0/c,45,♂,163,70,攻撃+2,人型,5355,1000000
540,クルミル,Sewaddle,45,53,70,40,60,42,310,むし,くさ,むしのしらせ, ようりょくそ,ぼうじん,0.3,2.5/f,255,1:01,62,70,防御+1,虫,4080,1060000
541,クルマユ,Swadloon,55,63,90,50,80,42,380,むし,くさ,リーフガード, ようりょくそ,ぼうじん,0.5,7.3/f,120,1:01,133,70,防御+2,虫,4080,1060000
542,ハハコモリ,Leavanny,75,103,80,70,80,92,500,むし,くさ,むしのしらせ, ようりょくそ,ぼうじん,1.2,20.5/e,45,1:01,225,70,攻撃+3,虫,4080,1060000
543,フシデ,Venipede,30,45,59,30,39,57,260,むし,どく,どくのトゲ, むしのしらせ,かそく,0.4,5.3/f,255,1:01,52,70,防御+1,虫,5355,1060000
544,ホイーガ,Whirlipede,40,55,99,40,79,47,360,むし,どく,どくのトゲ, むしのしらせ,かそく,1.2,58.5/c,120,1:01,126,70,防御+2,虫,5355,1060000
545,ペンドラー,Scolipede,60,100,89,55,69,112,485,むし,どく,どくのトゲ, むしのしらせ,かそく,2.5,200.5/a,45,1:01,218,70,素早+3,虫,5355,1060000
546,モンメン,Cottonee,40,27,60,37,50,66,280,くさ,フェアリー,いたずらごころ, すりぬけ,ようりょくそ,0.3,0.6/f,190,1:01,56,70,素早+1,"植物
 妖精",5355,1000000
547,エルフーン,Whimsicott,60,67,85,77,75,116,480,くさ,フェアリー,いたずらごころ, すりぬけ,ようりょくそ,0.7,6.6/f,75,1:01,168,70,素早+2,"植物
 妖精",5355,1000000
548,チュリネ,Petilil,45,35,50,70,50,30,280,くさ,,ようりょくそ, マイペース,リーフガード,0.5,6.6/f,190,♀,56,70,特攻+1,植物,5355,1000000
549,ドレディア,Lilligant,70,60,75,110,75,90,480,くさ,,ようりょくそ, マイペース,リーフガード,1.1,16.3/e,75,♀,168,70,特攻+2,植物,5355,1000000
550,バスラオ赤,Basculin Red,70,92,65,80,55,98,460,みず,,すてみ, てきおうりょく,かたやぶり,1,18.0/e,25,1:01,161,70,素早+2,水中2,10455,1000000
550-1,バスラオ青,Basculin Blue,70,92,65,80,55,98,460,みず,,いしあたま, てきおうりょく,かたやぶり,1,18.0/e,25,1:01,161,70,素早+2,水中2,10455,1000000
551,メグロコ,Sandile,50,72,35,35,35,65,292,じめん,あく,いかく, じしんかじょう,いかりのつぼ,0.7,15.2/e,180,1:01,58,70,攻撃+1,陸上,5355,1060000
552,ワルビル,Krokorok,60,82,45,45,45,74,351,じめん,あく,いかく, じしんかじょう,いかりのつぼ,1,33.4/d,90,1:01,123,70,攻撃+2,陸上,5355,1060000
553,ワルビアル,Krookodile,95,117,80,65,70,92,519,じめん,あく,いかく, じしんかじょう,いかりのつぼ,1.5,96.3/c,45,1:01,234,70,攻撃+3,陸上,5355,1060000
554,ダルマッカ,Darumaka,70,90,45,15,45,50,315,ほのお,,はりきり,,せいしんりょく,0.6,37.5/d,120,1:01,63,70,攻撃+1,陸上,5355,1060000
555,ヒヒダルマN,Darmanitan Std,105,140,55,30,55,95,480,ほのお,,ちからずく,,ダルマモード,1.3,92.9/c,60,1:01,168,70,攻撃+2,陸上,5355,1060000
555-1,ヒヒダルマD,Darmanitan Zen,105,30,105,140,105,55,540,ほのお,エスパー,ちからずく,,ダルマモード,1.3,92.9/c,60,1:01,168,70,特攻+2,陸上,5355,1060000
556,マラカッチ,Maractus,75,86,67,106,67,60,461,くさ,,ちょすい, ようりょくそ,よびみず,1,28.0/d,255,1:01,161,70,特攻+2,植物,5355,1000000
557,イシズマイ,Dwebble,50,65,85,35,35,55,325,むし,いわ,がんじょう, シェルアーマー,くだけるよろい,0.3,14.5/e,190,1:01,65,70,防御+1,"虫
 鉱物",5355,1000000
558,イワパレス,Crustle,70,95,125,65,75,45,475,むし,いわ,がんじょう, シェルアーマー,くだけるよろい,1.4,200.0/b,75,1:01,166,70,防御+2,"虫
 鉱物",5355,1000000
559,ズルッグ,Scraggy,50,75,70,35,70,48,348,あく,かくとう,だっぴ, じしんかじょう,いかく,0.6,11.8/e,180,1:01,70,35,攻撃+1,"陸上
 ドラゴン",4080,1000000
560,ズルズキン,Scrafty,65,90,115,45,115,58,488,あく,かくとう,だっぴ, じしんかじょう,いかく,1.1,30.0/d,90,1:01,171,70,"防御+1
 特防+1","陸上
 ドラゴン",4080,1000000
561,シンボラー,Sigilyph,72,58,80,103,80,97,490,エスパー,ひこう,ミラクルスキン, マジックガード,いろめがね,1.4,14.0/e,45,1:01,172,70,特攻+2,飛行,5355,1000000
562,デスマス,Yamask,38,30,85,55,65,30,303,ゴースト,,ミイラ,,,0.5,1.5/f,190,1:01,61,70,防御+1,"鉱物
 不定形",6630,1000000
563,デスカーン,Cofagrigus,58,50,145,95,105,30,483,ゴースト,,ミイラ,,,1.7,76.5/c,90,1:01,169,70,防御+2,"鉱物
 不定形",6630,1000000
564,プロトーガ,Tirtouga,54,78,103,53,45,22,355,みず,いわ,ハードロック, がんじょう,すいすい,0.7,16.5/e,45,7:01,71,70,防御+1,"水中1
 水中3",7905,1000000
565,アバゴーラ,Carracosta,74,108,133,83,65,32,495,みず,いわ,ハードロック, がんじょう,すいすい,1.2,81.0/c,45,7:01,173,70,防御+2,"水中1
 水中3",7905,1000000
566,アーケン,Archen,55,112,45,74,45,70,401,いわ,ひこう,よわき,,,0.5,9.5/f,45,7:01,71,70,攻撃+1,"飛行
 水中3",7905,1000000
567,アーケオス,Archeops,75,140,65,112,65,110,567,いわ,ひこう,よわき,,,1.4,32.0/d,45,7:01,177,70,攻撃+2,"飛行
 水中3",7905,1000000
568,ヤブクロン,Trubbish,50,50,62,40,62,65,329,どく,,あくしゅう, ねんちゃく,ゆうばく,0.6,31.0/d,190,1:01,66,70,素早+1,鉱物,5355,1000000
569,ダストダス,Garbodor,80,95,82,60,82,75,474,どく,,あくしゅう, くだけるよろい,ゆうばく,1.9,107.3/b,60,1:01,166,70,攻撃+2,鉱物,5355,1000000
570,ゾロア,Zorua,40,65,40,80,40,65,330,あく,,イリュージョン,,,0.7,12.5/e,75,7:01,66,70,特攻+1,陸上,6630,1060000
571,ゾロアーク,Zoroark,60,105,60,120,60,105,510,あく,,イリュージョン,,,1.6,81.1/c,45,7:01,179,70,特攻+2,陸上,6630,1060000
572,チラーミィ,Minccino,55,50,40,40,40,75,300,ノーマル,,メロメロボディ, テクニシャン,スキルリンク,0.4,5.8/f,255,1:07,60,70,素早+1,陸上,4080,800000
573,チラチーノ,Cinccino,75,95,60,65,60,115,470,ノーマル,,メロメロボディ, テクニシャン,スキルリンク,0.5,7.5/f,60,1:07,165,70,素早+2,陸上,4080,800000
574,ゴチム,Gothita,45,30,50,55,65,45,290,エスパー,,おみとおし, かちき,かげふみ,0.4,5.8/f,200,1:03,58,70,特防+1,人型,5355,1060000
575,ゴチミル,Gothorita,60,45,70,75,85,55,390,エスパー,,おみとおし, かちき,かげふみ,0.7,18.0/e,100,1:03,137,70,特防+2,人型,5355,1060000
576,ゴチルゼル,Gothitelle,70,55,95,95,110,65,490,エスパー,,おみとおし, かちき,かげふみ,1.5,44.0/d,50,1:03,221,70,特防+3,人型,5355,1060000
577,ユニラン,Solosis,45,30,40,105,50,20,290,エスパー,,ぼうじん, マジックガード,さいせいりょく,0.3,1.0/f,200,1:01,58,70,特攻+1,不定形,5355,1060000
578,ダブラン,Duosion,65,40,50,125,60,30,370,エスパー,,ぼうじん, マジックガード,さいせいりょく,0.6,8.0/f,100,1:01,130,70,特攻+2,不定形,5355,1060000
579,ランクルス,Reuniclus,110,65,75,125,85,30,490,エスパー,,ぼうじん, マジックガード,さいせいりょく,1,20.1/e,50,1:01,221,70,特攻+3,不定形,5355,1060000
580,コアルヒー,Ducklett,62,44,50,44,50,55,305,みず,ひこう,するどいめ, はとむね,うるおいボディ,0.5,5.5/f,190,1:01,61,70,HP+1,"水中1
 飛行",5355,1000000
581,スワンナ,Swanna,75,87,63,87,63,98,473,みず,ひこう,するどいめ, はとむね,うるおいボディ,1.3,24.2/e,45,1:01,166,70,素早+2,"水中1
 飛行",5355,1000000
582,バニプッチ,Vanillite,36,50,50,65,60,44,305,こおり,,アイスボディ,,くだけるよろい,0.4,5.7/f,255,1:01,61,70,特攻+1,鉱物,5355,1250000
583,バニリッチ,Vanillish,51,65,65,80,75,59,395,こおり,,アイスボディ,,くだけるよろい,1.1,41.0/d,120,1:01,138,70,特攻+2,鉱物,5355,1250000
584,バイバニラ,Vanilluxe,71,95,85,110,95,79,535,こおり,,アイスボディ,,くだけるよろい,1.3,57.5/c,45,1:01,241,70,特攻+3,鉱物,5355,1250000
585,シキジカ,Deerling,60,60,50,40,50,75,335,ノーマル,くさ,ようりょくそ, そうしょく,てんのめぐみ,0.6,19.5/e,190,1:01,67,70,素早+1,陸上,5355,1000000
586,メブキジカ,Sawsbuck,80,100,70,60,70,95,475,ノーマル,くさ,ようりょくそ, そうしょく,てんのめぐみ,1.9,92.5/c,75,1:01,166,70,攻撃+2,陸上,5355,1000000
587,エモンガ,Emolga,55,75,60,75,60,103,428,でんき,ひこう,せいでんき,,でんきエンジン,0.4,5.0/f,200,1:01,150,70,素早+2,陸上,5355,1000000
588,カブルモ,Karrablast,50,75,45,40,45,60,315,むし,,むしのしらせ, だっぴ,ノーガード,0.5,5.9/f,200,1:01,63,70,攻撃+1,虫,4080,1000000
589,シュバルゴ,Escavalier,70,135,105,60,105,20,495,むし,はがね,むしのしらせ, シェルアーマー,ぼうじん,1,33.0/d,75,1:01,173,70,攻撃+2,虫,4080,1000000
590,タマゲタケ,Foongus,69,55,45,55,55,15,294,くさ,どく,ほうし,,さいせいりょく,0.2,1.0/f,190,1:01,59,70,HP+1,植物,5355,1000000
591,モロバレル,Amoonguss,114,85,70,85,80,30,464,くさ,どく,ほうし,,さいせいりょく,0.6,10.5/e,75,1:01,162,70,HP+2,植物,5355,1000000
592,プルリル,Frillish,55,40,50,65,85,40,335,みず,ゴースト,ちょすい, のろわれボディ,しめりけ,1.2,33.0/d,190,1:01,67,70,特防+1,不定形,5355,1000000
593,ブルンゲル,Jellicent,100,60,70,85,105,60,480,みず,ゴースト,ちょすい, のろわれボディ,しめりけ,2.2,135.0/b,60,1:01,168,70,特防+2,不定形,5355,1000000
594,ママンボウ,Alomomola,165,75,80,40,45,65,470,みず,,いやしのこころ, うるおいボディ,さいせいりょく,1.2,31.6/d,75,1:01,165,70,HP+2,"水中1
 水中2",10455,800000
595,バチュル,Joltik,50,47,50,57,50,65,319,むし,でんき,ふくがん, きんちょうかん,むしのしらせ,0.1,0.6/f,190,1:01,64,70,素早+1,虫,5355,1000000
596,デンチュラ,Galvantula,70,77,60,97,60,108,472,むし,でんき,ふくがん, きんちょうかん,むしのしらせ,0.8,14.3/e,75,1:01,165,70,素早+2,虫,5355,1000000
597,テッシード,Ferroseed,44,50,91,24,86,10,305,くさ,はがね,てつのトゲ,,てつのトゲ,0.6,18.8/e,255,1:01,61,70,防御+1,"植物
 鉱物",5355,1000000
598,ナットレイ,Ferrothorn,74,94,131,54,116,20,489,くさ,はがね,てつのトゲ,,きけんよち,1,110.0/b,90,1:01,171,70,防御+2,"植物
 鉱物",5355,1000000
599,ギアル,Klink,40,55,70,45,60,30,300,はがね,,プラス, マイナス,クリアボディ,0.3,21.0/e,130,不明,60,70,防御+1,鉱物,5355,1060000
600,ギギアル,Klang,60,80,95,70,85,50,440,はがね,,プラス, マイナス,クリアボディ,0.6,51.0/c,60,不明,154,70,防御+2,鉱物,5355,1060000
601,ギギギアル,Klinklang,60,100,115,70,85,90,520,はがね,,プラス, マイナス,クリアボディ,0.6,81.0/c,30,不明,234,70,防御+3,鉱物,5355,1060000
602,シビシラス,Tynamo,35,55,40,45,40,60,275,でんき,,ふゆう,,,0.2,0.3/f,190,1:01,55,70,素早+1,不定形,5355,1250000
603,シビビール,Eelektrik,65,85,70,75,70,40,405,でんき,,ふゆう,,,1.2,22.0/e,60,1:01,142,70,攻撃+2,不定形,5355,1250000
604,シビルドン,Eelektross,85,115,80,105,80,50,515,でんき,,ふゆう,,,2.1,80.5/c,30,1:01,232,70,攻撃+3,不定形,5355,1250000
605,リグレー,Elgyem,55,55,55,85,55,30,335,エスパー,,テレパシー, シンクロ,アナライズ,0.5,9.0/f,255,1:01,67,70,特攻+1,人型,5355,1000000
606,オーベム,Beheeyem,75,75,75,125,95,40,485,エスパー,,テレパシー, シンクロ,アナライズ,1,34.5/d,90,1:01,170,70,特攻+2,人型,5355,1000000
607,ヒトモシ,Litwick,50,30,55,65,55,20,275,ゴースト,ほのお,もらいび, ほのおのからだ,すりぬけ,0.3,3.1/f,190,1:01,55,70,特攻+1,不定形,5355,1060000
608,ランプラー,Lampent,60,40,60,95,60,55,370,ゴースト,ほのお,もらいび, ほのおのからだ,すりぬけ,0.6,13.0/e,90,1:01,130,70,特攻+2,不定形,5355,1060000
609,シャンデラ,Chandelure,60,55,90,145,90,80,520,ゴースト,ほのお,もらいび, ほのおのからだ,すりぬけ,1,34.3/d,45,1:01,234,70,特攻+3,不定形,5355,1060000
610,キバゴ,Axew,46,87,60,30,40,57,320,ドラゴン,,とうそうしん, かたやぶり,きんちょうかん,0.6,18.0/e,75,1:01,64,35,攻撃+1,"怪獣
 ドラゴン",10455,1250000
611,オノンド,Fraxure,66,117,70,40,50,67,410,ドラゴン,,とうそうしん, かたやぶり,きんちょうかん,1,36.0/d,60,1:01,144,35,攻撃+2,"怪獣
 ドラゴン",10455,1250000
612,オノノクス,Haxorus,76,147,90,60,70,97,540,ドラゴン,,とうそうしん, かたやぶり,きんちょうかん,1.8,105.5/b,45,1:01,243,35,攻撃+3,"怪獣
 ドラゴン",10455,1250000
613,クマシュン,Cubchoo,55,70,40,60,40,40,305,こおり,,ゆきがくれ,,びびり,0.5,8.5/f,120,1:01,61,70,攻撃+1,陸上,5355,1000000
614,ツンベアー,Beartic,95,110,80,70,80,50,485,こおり,,ゆきがくれ,,すいすい,2.6,260.0/a,60,1:01,170,70,攻撃+2,陸上,5355,1000000
615,フリージオ,Cryogonal,70,50,30,95,135,105,485,こおり,,ふゆう,,,1.1,148.0/b,25,不明,170,70,特防+2,鉱物,6630,1000000
616,チョボマキ,Shelmet,50,40,85,40,65,25,305,むし,,うるおいボディ, シェルアーマー,ぼうじん,0.4,7.7/f,200,1:01,61,70,防御+1,虫,4080,1000000
617,アギルダー,Accelgor,80,70,40,100,60,145,495,むし,,うるおいボディ, ねんちゃく,かるわざ,0.8,25.3/d,75,1:01,173,70,素早+2,虫,4080,1000000
618,マッギョ,Stunfisk,109,66,84,81,99,32,471,じめん,でんき,せいでんき, じゅうなん,すながくれ,0.7,11.0/e,75,1:01,165,70,HP+2,"水中1
 不定形",5355,1000000
619,コジョフー,Mienfoo,45,85,50,55,50,65,350,かくとう,,せいしんりょく, さいせいりょく,すてみ,0.9,20.0/e,180,1:01,70,70,攻撃+1,"陸上
 人型",6630,1060000
620,コジョンド,Mienshao,65,125,60,95,60,105,510,かくとう,,せいしんりょく, さいせいりょく,すてみ,1.4,35.5/d,45,1:01,179,70,攻撃+2,"陸上
 人型",6630,1060000
621,クリムガン,Druddigon,77,120,90,60,90,48,485,ドラゴン,,さめはだ, ちからずく,かたやぶり,1.6,139.0/b,45,1:01,170,70,攻撃+2,"ドラゴン
 怪獣",7905,1000000
622,ゴビット,Golett,59,74,50,35,50,35,303,じめん,ゴースト,てつのこぶし, ぶきよう,ノーガード,1,92.0/c,190,不明,61,70,攻撃+1,鉱物,6630,1000000
623,ゴルーグ,Golurk,89,124,80,55,80,55,483,じめん,ゴースト,てつのこぶし, ぶきよう,ノーガード,2.8,330.0/a,90,不明,169,70,攻撃+2,鉱物,6630,1000000
624,コマタナ,Pawniard,45,85,70,40,40,60,340,あく,はがね,まけんき, せいしんりょく,プレッシャー,0.5,10.2/e,120,1:01,68,35,攻撃+1,人型,5355,1000000
625,キリキザン,Bisharp,65,125,100,60,70,70,490,あく,はがね,まけんき, せいしんりょく,プレッシャー,1.6,70.0/c,45,1:01,172,35,攻撃+2,人型,5355,1000000
626,バッフロン,Bouffalant,95,110,95,40,95,55,490,ノーマル,,すてみ, そうしょく,ぼうおん,1.6,94.6/c,45,1:01,172,70,攻撃+2,陸上,5355,1000000
627,ワシボン,Rufflet,70,83,50,37,50,60,350,ノーマル,ひこう,するどいめ, ちからずく,はりきり,0.5,10.5/e,190,♂,70,70,攻撃+1,飛行,5355,1250000
628,ウォーグル,Braviary,100,123,75,57,75,80,510,ノーマル,ひこう,するどいめ, ちからずく,まけんき,1.5,41.0/d,60,♂,179,70,攻撃+2,飛行,5355,1250000
629,バルチャイ,Vullaby,70,55,75,45,65,60,370,あく,ひこう,はとむね, ぼうじん,くだけるよろい,0.5,9.0/f,190,♀,74,35,防御+1,飛行,5355,1250000
630,バルジーナ,Mandibuzz,110,65,105,55,95,80,510,あく,ひこう,はとむね, ぼうじん,くだけるよろい,1.2,39.5/d,60,♀,179,35,特攻+2,飛行,5355,1250000
631,クイタラン,Heatmor,85,97,66,105,66,65,484,ほのお,,くいしんぼう, もらいび,しろいけむり,1.4,58.0/c,90,1:01,169,70,特攻+2,陸上,5355,1000000
632,アイアント,Durant,58,109,112,48,48,109,484,むし,はがね,むしのしらせ, はりきり,なまけ,0.3,33.0/d,90,1:01,169,70,防御+2,虫,5355,1000000
633,モノズ,Deino,52,65,50,45,50,38,300,あく,ドラゴン,はりきり,,,0.8,17.3/e,45,1:01,60,35,攻撃+1,ドラゴン,10455,1250000
634,ジヘッド,Zweilous,72,85,70,65,70,58,420,あく,ドラゴン,はりきり,,,1.4,50.0/d,45,1:01,147,35,攻撃+2,ドラゴン,10455,1250000
635,サザンドラ,Hydreigon,92,105,90,125,90,98,600,あく,ドラゴン,ふゆう,,,1.8,160.0/b,45,1:01,270,35,特攻+3,ドラゴン,10455,1250000
636,メラルバ,Larvesta,55,85,55,50,55,60,360,むし,ほのお,ほのおのからだ,,むしのしらせ,1.1,28.8/d,45,1:01,72,70,攻撃+1,虫,10455,1250000
637,ウルガモス,Volcarona,85,60,65,135,105,100,550,むし,ほのお,ほのおのからだ,,むしのしらせ,1.6,46.0/d,15,1:01,248,70,特攻+3,虫,10455,1250000
638,コバルオン,Cobalion,91,90,129,90,72,108,580,はがね,かくとう,せいぎのこころ,,,2.1,250.0/a,3,不明,261,35,防御+3,未発見,20655,1250000
639,テラキオン,Terrakion,91,129,90,72,90,108,580,いわ,かくとう,せいぎのこころ,,,1.9,260.0/a,3,不明,261,35,攻撃+3,未発見,20655,1250000
640,ビリジオン,Virizion,91,90,72,90,129,108,580,くさ,かくとう,せいぎのこころ,,,2,200.0/b,3,不明,261,35,特防+3,未発見,20655,1250000
641,トルネロス化身,Tornadus I,79,115,70,125,80,111,580,ひこう,,いたずらごころ,,まけんき,1.5,63.0/c,3,♂,261,90,攻撃+3,未発見,30855,1250000
641-1,トルネロス霊獣,Tornadus T,79,100,80,110,90,121,580,ひこう,,さいせいりょく,,,1.4,63.0/c,3,♂,261,90,素早+3,未発見,30855,1250000
642,ボルトロス化身,Thundurus I,79,115,70,125,80,111,580,でんき,ひこう,いたずらごころ,,まけんき,1.5,61.0/c,3,♂,261,90,攻撃+3,未発見,30855,1250000
642-1,ボルトロス霊獣,Thundurus T,79,105,70,145,80,101,580,でんき,ひこう,ちくでん,,,3,61.0/c,3,♂,261,90,特攻+3,未発見,30855,1250000
643,レシラム,Reshiram,100,120,100,150,120,90,680,ドラゴン,ほのお,ターボブレイズ,,,3.2,330.0/a,45,不明,306,0,特攻+3,未発見,30855,1250000
644,ゼクロム,Zekrom,100,150,120,120,100,90,680,ドラゴン,でんき,テラボルテージ,,,2.9,345.0/a,45,不明,306,0,攻撃+3,未発見,30855,1250000
645,ランドロス化身,Landorus I,89,125,90,115,80,101,600,じめん,ひこう,すなのちから,,ちからずく,1.5,68.0/c,3,♂,270,90,特攻+3,未発見,30855,1250000
645-1,ランドロス霊獣,Landorus T,89,145,90,105,80,91,600,じめん,ひこう,いかく,,,1.3,68.0/c,3,♂,270,90,攻撃+3,未発見,30855,1250000
646,キュレム,Kyurem,125,130,90,130,90,95,660,ドラゴン,こおり,プレッシャー,,,3,325.0/a,3,不明,297,0,"HP+1
 攻撃+1
 特攻+1",未発見,30855,1250000
646-1,ブラックキュレム,Black Kyurem,125,170,100,120,90,95,700,ドラゴン,こおり,テラボルテージ,,,3.3,325.0/a,3,不明,315,0,攻撃+3,未発見,30855,1250000
646-2,ホワイトキュレム,White Kyurem,125,120,90,170,100,95,700,ドラゴン,こおり,ターボブレイズ,,,3.6,325.0/a,3,不明,315,0,特攻+3,未発見,30855,1250000
647,ケルディオ,Keldeo Ordinary,91,72,90,129,90,108,580,みず,かくとう,せいぎのこころ,,,1.4,48.5/d,3,不明,261,35,特攻+3,未発見,20655,1250000
647-1,ケルディオ覚悟,Keldeo Resolute,91,72,90,129,90,108,580,みず,かくとう,せいぎのこころ,,,1.4,48.5/d,3,不明,261,35,特攻+3,未発見,20655,1250000
648,メロエッタＶ,Meloetta A,100,77,77,128,128,90,600,ノーマル,エスパー,てんのめぐみ,,,0.6,6.5/f,3,不明,270,100,"特攻+1
 特防+1
 素早+1",未発見,30855,1250000
648-1,メロエッタＳ,Meloetta P,100,128,90,77,77,128,600,ノーマル,かくとう,てんのめぐみ,,,0.6,6.5/f,3,不明,270,100,"攻撃+1
 防御+1
 素早+1",未発見,30855,1250000
649,ゲノセクト,Genesect,71,120,95,120,95,99,600,むし,はがね,ダウンロード,,,1.5,82.5/c,3,不明,270,0,"攻撃+1
 特攻+1
 素早+1",未発見,30855,1250000
650,ハリマロン,Chespin,56,61,65,48,45,38,313,くさ,,しんりょく,,ぼうだん,0.4,9.0/f,45,7:01,63,70,防御+1,陸上,5355,1060000
651,ハリボーグ,Quilladin,61,78,95,56,58,57,405,くさ,,しんりょく,,ぼうだん,0.7,29.0/d,45,7:01,142,70,防御+2,陸上,5355,1060000
652,ブリガロン,Chesnaught,88,107,122,74,75,64,530,くさ,かくとう,しんりょく,,ぼうだん,1.6,90.0/c,45,7:01,239,70,防御+3,陸上,5355,1060000
653,フォッコ,Fennekin,40,45,40,62,60,60,307,ほのお,,もうか,,マジシャン,0.4,9.4/f,45,7:01,61,70,特攻+1,陸上,5355,1060000
654,テールナー,Braixen,59,59,58,90,70,73,409,ほのお,,もうか,,マジシャン,1,14.5/e,45,7:01,143,70,特攻+2,陸上,5355,1060000
655,マフォクシー,Delphox,75,69,72,114,100,104,534,ほのお,エスパー,もうか,,マジシャン,1.5,39.0/d,45,7:01,240,70,特攻+3,陸上,5355,1060000
656,ケロマツ,Froakie,41,56,40,62,44,71,314,みず,,げきりゅう,,へんげんじざい,0.3,7.0/f,45,7:01,63,70,素早+1,水中1,5355,1060000
657,ゲコガシラ,Frogadier,54,63,52,83,56,97,405,みず,,げきりゅう,,へんげんじざい,0.6,10.9/e,45,7:01,142,70,素早+2,水中1,5355,1060000
658,ゲッコウガ,Greninja,72,95,67,103,71,122,530,みず,あく,げきりゅう,,へんげんじざい,1.5,40.0/d,45,7:01,239,70,素早+3,水中1,5355,1060000
659,ホルビー,Bunnelby,38,36,38,32,36,57,237,ノーマル,,ものひろい, ほおぶくろ,ちからもち,0.4,5.0/f,255,1:01,47,70,素早+1,陸上,4080,1000000
660,ホルード,Diggersby,85,56,77,50,77,78,423,ノーマル,じめん,ものひろい, ほおぶくろ,ちからもち,1,42.4/d,127,1:01,148,70,HP+2,陸上,4080,1000000
661,ヤヤコマ,Fletchling,45,50,43,40,38,62,278,ノーマル,ひこう,はとむね,,はやてのつばさ,0.3,1.7/f,255,1:01,56,70,素早+1,飛行,4080,1060000
662,ヒノヤコマ,Fletchinder,62,73,55,56,52,84,382,ほのお,ひこう,ほのおのからだ,,はやてのつばさ,0.7,16.0/e,120,1:01,134,70,素早+2,飛行,4080,1060000
663,ファイアロー,Talonflame,78,81,71,74,69,126,499,ほのお,ひこう,ほのおのからだ,,はやてのつばさ,1.2,24.5/e,45,1:01,175,70,素早+3,飛行,4080,1060000
664,コフキムシ,Scatterbug,38,35,40,27,25,35,200,むし,,りんぷん, ふくがん,フレンドガード,0.3,2.5/f,255,1:01,40,70,防御+1,虫,4080,1000000
665,コフーライ,Spewpa,45,22,60,27,30,29,213,むし,,だっぴ,,フレンドガード,0.3,8.4/f,120,1:01,75,70,防御+2,虫,4080,1000000
666,ビビヨン,Vivillon,80,52,50,90,50,89,411,むし,ひこう,りんぷん, ふくがん,フレンドガード,1.2,17.0/e,45,1:01,185,70,"HP+1
 特攻+1
 素早+1",虫,4080,1000000
667,シシコ,Litleo,62,50,58,73,54,72,369,ほのお,ノーマル,とうそうしん, きんちょうかん,じしんかじょう,0.6,13.5/e,220,1:03,74,70,特攻+1,陸上,5355,1060000
668,カエンジシ,Pyroar,86,68,72,109,66,106,507,ほのお,ノーマル,とうそうしん, きんちょうかん,じしんかじょう,1.5,81.5/c,65,1:03,177,70,特攻+2,陸上,5355,1060000
669,フラベベ,Flabebe,44,38,39,61,79,42,303,フェアリー,,フラワーベール,,きょうせい,0.1,0.1/f,255,♀,61,70,特防+1,妖精,5355,1000000
670,フラエッテ,Floette,54,45,47,75,98,52,371,フェアリー,,フラワーベール,,きょうせい,0.2,0.9/f,120,♀,130,70,特防+2,妖精,5355,1000000
670-1,フラエッテＡＺ,Floette-E,74,65,67,125,128,92,551,フェアリー,,フラワーベール,,きょうせい,0.2,0.9/f,120,♀,243,70,特防+2,妖精,5355,1000000
671,フラージェス,Florges,78,65,68,112,154,75,552,フェアリー,,フラワーベール,,きょうせい,1.1,10.0/f,45,♀,248,70,特防+3,妖精,5355,1000000
672,メェークル,Skiddo,66,65,48,62,57,52,350,くさ,,そうしょく,,くさのけがわ,0.9,31.0/d,200,1:01,70,70,HP+1,陸上,5355,1000000
673,ゴーゴート,Gogoat,123,100,62,97,81,68,531,くさ,,そうしょく,,くさのけがわ,1.7,91.0/c,45,1:01,186,70,HP+2,陸上,5355,1000000
674,ヤンチャム,Pancham,67,82,62,46,48,43,348,かくとう,,てつのこぶし, かたやぶり,きもったま,0.6,8.0/f,220,1:01,70,70,攻撃+1,"陸上
 人型",6630,1000000
675,ゴロンダ,Pangoro,95,124,78,69,71,58,495,かくとう,あく,てつのこぶし, かたやぶり,きもったま,2.1,136.0/b,65,1:01,173,70,攻撃+2,"陸上
 人型",6630,1000000
676,トリミアン,Furfrou,75,80,60,65,90,102,472,ノーマル,,ファーコート,,,1.2,28.0/d,160,1:01,165,70,素早+1,陸上,5355,1000000
677,ニャスパー,Espurr,62,48,54,63,60,68,355,エスパー,,するどいめ, すりぬけ,マイペース,0.3,3.5/f,190,1:01,71,70,素早+1,陸上,5355,1000000
678,ニャオニクス♂,Meowstic,74,48,76,83,81,104,466,エスパー,,するどいめ, すりぬけ,いたずらごころ,0.6,8.5/f,75,1:01,163,70,素早+2,陸上,5355,1000000
678-1,ニャオニクス♀,Meowstic,74,48,76,83,81,104,466,エスパー,,するどいめ, すりぬけ,かちき,0.6,8.5/f,75,1:01,163,70,素早+2,鉱物,5355,1000000
679,ヒトツキ,Honedge,45,80,100,35,37,28,325,はがね,ゴースト,ノーガード,,,0.8,2.0/f,180,1:01,65,70,防御+1,鉱物,5355,1000000
680,ニダンギル,Doublade,59,110,150,45,49,35,448,はがね,ゴースト,ノーガード,,,0.8,4.5/f,90,1:01,157,70,防御+2,鉱物,5355,1000000
681,ギルガルド盾,Aegislash Shield,60,50,150,50,150,60,520,はがね,ゴースト,バトルスイッチ,,,1.7,53.0/c,45,1:01,234,70,"防御+2
 特防+1",妖精,5355,1000000
681-1,ギルガルド剣,Aegislash Blade,60,150,50,150,50,60,520,はがね,ゴースト,バトルスイッチ,,,1.7,53.0/c,45,1:01,234,70,"防御+2
 特防+1",妖精,5355,1000000
682,シュシュプ,Spritzee,78,52,60,63,65,23,341,フェアリー,,いやしのこころ,,アロマベール,0.2,0.5/f,200,1:01,68,70,HP+1,妖精,5355,1000000
683,フレフワン,Aromatisse,101,72,72,99,89,29,462,フェアリー,,いやしのこころ,,アロマベール,0.8,15.5/e,140,1:01,162,70,HP+2,妖精,5355,1000000
684,ペロッパフ,Swirlix,62,48,66,59,57,49,341,フェアリー,,スイートベール,,かるわざ,0.4,3.5/f,200,1:01,68,70,防御+1,妖精,5355,1000000
685,ペロリーム,Slurpuff,82,80,86,85,75,72,480,フェアリー,,スイートベール,,かるわざ,0.8,5.0/f,140,1:01,168,70,防御+2,妖精,5355,1000000
686,マーイーカ,Inkay,53,54,53,37,46,45,288,あく,エスパー,あまのじゃく, きゅうばん,すりぬけ,0.4,3.5/f,190,1:01,58,70,攻撃+1,"水中1
 水中2",5355,1000000
687,カラマネロ,Malamar,86,92,88,68,75,73,482,あく,エスパー,あまのじゃく, きゅうばん,すりぬけ,1.5,47.0/d,80,1:01,169,70,攻撃+2,"水中1
 水中2",5355,1000000
688,カメテテ,Binacle,42,52,67,39,56,50,306,いわ,みず,かたいツメ, スナイパー,わるいてぐせ,0.5,31.0/d,120,1:01,61,70,攻撃+1,水中3,5355,1000000
689,ガメノデス,Barbaracle,72,105,115,54,86,68,500,いわ,みず,かたいツメ, スナイパー,わるいてぐせ,1.3,96.0/c,45,1:01,175,70,攻撃+2,水中3,5355,1000000
690,クズモー,Skrelp,50,60,60,60,60,30,320,どく,みず,どくのトゲ, どくしゅ,てきおうりょく,0.5,7.3/f,225,1:01,64,70,特防+1,"水中1
 ドラゴン",5355,1000000
691,ドラミドロ,Dragalge,65,75,90,97,123,44,494,どく,ドラゴン,どくのトゲ, どくしゅ,てきおうりょく,1.8,81.5/c,55,1:01,173,70,特防+2,"水中1
 ドラゴン",5355,1000000
692,ウデッポウ,Clauncher,50,53,62,58,63,44,330,みず,,メガランチャー,,,0.5,8.3/f,225,1:01,66,70,特攻+1,"水中1
 水中3",4080,1250000
693,ブロスター,Clawitzer,71,73,88,120,89,59,500,みず,,メガランチャー,,,1.3,35.3/d,55,1:01,100,70,特攻+2,"水中1
 水中3",4080,1250000
694,エリキテル,Helioptile,44,38,33,61,43,70,289,でんき,ノーマル,かんそうはだ, すながくれ,サンパワー,0.5,6.0/f,190,1:01,58,70,素早+1,"怪獣
 ドラゴン",5355,1000000
695,エレザード,Heliolisk,62,55,52,109,94,109,481,でんき,ノーマル,かんそうはだ, すながくれ,サンパワー,1,21.0/e,75,1:01,168,70,"特攻+1
 素早+1","怪獣
 ドラゴン",5355,1000000
696,チゴラス,Tyrunt,58,89,77,45,45,48,362,いわ,ドラゴン,がんじょうあご,,がんじょう,0.8,26.0/d,45,7:01,72,70,攻撃+1,"怪獣
 ドラゴン",7905,1000000
697,ガチゴラス,Tyrantrum,82,121,119,69,59,71,521,いわ,ドラゴン,がんじょうあご,,いしあたま,2.5,270.0/a,45,7:01,182,70,攻撃+2,"怪獣
 ドラゴン",7905,1000000
698,アマルス,Amaura,77,59,50,67,63,46,362,いわ,こおり,フリーズスキン,,ゆきふらし,1.3,25.2/d,45,7:01,72,70,HP+1,怪獣,7905,1000000
699,アマルルガ,Aurorus,123,77,72,99,92,58,521,いわ,こおり,フリーズスキン,,ゆきふらし,2.7,225.0/a,45,7:01,104,70,HP+2,怪獣,7905,1000000
700,ニンフィア,Sylveon,95,65,65,110,130,60,525,フェアリー,,メロメロボディ,,フェアリースキン,1,23.5/e,45,7:01,184,70,特防+2,陸上,9180,1000000
701,ルチャブル,Hawlucha,78,92,75,74,63,118,500,かくとう,ひこう,じゅうなん, かるわざ,かたやぶり,0.8,21.5/e,100,1:01,175,70,攻撃+2,人型,5355,1000000
702,デデンネ,Dedenne,67,58,57,81,67,101,431,でんき,フェアリー,ほおぶくろ, ものひろい,プラス,0.2,2.2/f,100,1:01,151,70,素早+2,"陸上
 妖精",5355,1000000
703,メレシー,Carbink,50,50,150,50,150,50,500,いわ,フェアリー,クリアボディ,,がんじょう,0.3,5.7/f,60,不明,100,70,"防御+1
 特防+1","妖精
 鉱物",6630,1250000
704,ヌメラ,Goomy,45,50,35,55,75,40,300,ドラゴン,,そうしょく, うるおいボディ,ぬめぬめ,0.3,2.8/f,45,1:01,60,35,特防+1,ドラゴン,10455,1250000
705,ヌメイル,Sliggoo,68,75,53,83,113,60,452,ドラゴン,,そうしょく, うるおいボディ,ぬめぬめ,0.8,17.5/e,45,1:01,158,35,特防+2,ドラゴン,10455,1250000
706,ヌメルゴン,Goodra,90,100,70,110,150,80,600,ドラゴン,,そうしょく, うるおいボディ,ぬめぬめ,2,150.5/b,45,1:01,270,35,特防+3,ドラゴン,10455,1250000
707,クレッフィ,Klefki,57,80,91,80,87,75,470,はがね,フェアリー,いたずらごころ,,マジシャン,0.2,3.0/f,75,1:01,165,70,防御+1,鉱物,5355,800000
708,ボクレー,Phantump,43,70,48,50,60,38,309,ゴースト,くさ,しぜんかいふく, おみとおし,しゅうかく,0.4,7.0/f,120,1:01,62,70,攻撃+1,"植物
 不定形",5355,1000000
709,オーロット,Trevenant,85,110,76,65,82,56,474,ゴースト,くさ,しぜんかいふく, おみとおし,しゅうかく,1.5,71.0/c,60,1:01,166,70,攻撃+2,"植物
 不定形",5355,1000000
710,バケッチャ,Pumpkaboo Avg,49,66,70,44,55,51,335,ゴースト,くさ,ものひろい, おみとおし,ふみん,0.4,5.0/f,120,1:01,67,70,防御+1,不定形,5355,1000000
710,バケッチャ小,Pumpkaboo S,44,66,70,44,55,56,335,ゴースト,くさ,ものひろい, おみとおし,ふみん,0.3,3.5/f,120,1:01,67,70,防御+1,不定形,5355,1000000
710,バケッチャ大,Pumpkaboo L,54,66,70,44,55,46,335,ゴースト,くさ,ものひろい, おみとおし,ふみん,0.5,7.5/f,120,1:01,67,70,防御+1,不定形,5355,1000000
710,バケッチャ特大,Pumpkaboo Sp,59,66,70,44,55,41,335,ゴースト,くさ,ものひろい, おみとおし,ふみん,0.8,15.0/e,120,1:01,67,70,防御+1,不定形,5355,1000000
711,パンプジン,Gourgeist Avg,65,90,122,58,75,84,494,ゴースト,くさ,ものひろい, おみとおし,ふみん,0.9,12.5/e,60,1:01,173,70,防御+2,不定形,5355,1000000
711,パンプジン小,Gourgeist S,55,85,122,58,75,99,494,ゴースト,くさ,ものひろい, おみとおし,ふみん,0.7,9.5/f,60,1:01,173,70,防御+2,不定形,5355,1000000
711,パンプジン大,Gourgeist L,75,95,122,58,75,69,494,ゴースト,くさ,ものひろい, おみとおし,ふみん,1.1,14.0/e,60,1:01,173,70,防御+2,不定形,5355,1000000
711,パンプジン特大,Gourgeist Sp,85,100,122,58,75,54,494,ゴースト,くさ,ものひろい, おみとおし,ふみん,1.7,39.0/d,60,1:01,173,70,防御+2,不定形,5355,1000000
712,カチコール,Bergmite,55,69,85,32,35,28,304,こおり,,マイペース, アイスボディ,がんじょう,1,99.5/c,190,1:01,61,70,防御+1,怪獣,5355,1000000
713,クレベース,Avalugg,95,117,184,44,46,28,514,こおり,,マイペース, アイスボディ,がんじょう,2,505.0/a,55,1:01,180,70,防御+2,怪獣,5355,1000000
714,オンバット,Noibat,40,30,35,45,40,55,245,ひこう,ドラゴン,おみとおし, すりぬけ,テレパシー,0.5,8.0/f,190,1:01,49,70,素早+1,飛行,5355,1000000
715,オンバーン,Noivern,85,70,80,97,80,123,535,ひこう,ドラゴン,おみとおし, すりぬけ,テレパシー,1.5,85.0/c,45,1:01,187,70,素早+2,飛行,5355,1000000
716,ゼルネアス,Xerneas,126,131,95,131,98,99,680,フェアリー,,フェアリーオーラ,,,3,215.0/a,45,不明,306,0,HP+3,未発見,30855,1250000
717,イベルタル,Yveltal,126,131,95,131,98,99,680,あく,ひこう,ダークオーラ,,,5.8,203.0/a,45,不明,306,0,HP+3,未発見,30855,1250000
718,ジガルデ,Zygarde,108,100,121,81,95,95,600,ドラゴン,じめん,オーラブレイク,,,5,305.0/a,3,不明,270,0,HP+3,未発見,30855,1250000
719,ディアンシー,Diancie,50,100,150,100,150,50,600,いわ,じめん,クリアボディ,,,0.7,8.8/f,3,不明,270,70,"防御+1
 特防+2",未発見,6630,1250000
719-1,メガディアンシー,Mega Diancie,50,160,110,160,110,110,700,いわ,フェアリー,マジックミラー,,,1.1,27.8/d,3,不明,?,70,"防御+1
 特防+2",未発見,6630,1250000
720,フーパ(戒め),Hoopa Confined,80,110,60,150,130,70,600,エスパー,ゴースト,マジシャン,,,0.5,9.0/f,3,不明,270,100,特攻+3,未発見,30855,1250000
720-1,フーパ(解放),Hoopa Unbound,80,160,60,170,130,80,680,エスパー,あく,マジシャン,,,6.5,490/a,3,不明,?,100,特攻+3,未発見,30855,1250000
721,ボルケニオン,Volcanion,80,110,120,130,90,70,600,ほのお,みず,ちょすい,,,1.7,195.0/b,3,不明,270,100,特攻+3,未発見,30855,1250000
